reach;urbanaggl;year;q90_fecalcoli;ech_fecalcoli;num_stations;etat_m;urbanaggl_normalise;latitude;longitude
city;Agartala;1980;5740;9;7;Poor;agartala;23.92488;91.15152
city;Agartala;1981;10000;11;7;Poor;agartala;23.92488;91.15152
city;Agartala;1982;2560;10;7;Poor;agartala;23.92488;91.15152
city;Agartala;1983;3800;11;7;Poor;agartala;23.92488;91.15152
city;Agartala;1984;1140;10;7;Good;agartala;23.92488;91.15152
city;Agartala;1985;700;6;7;Good;agartala;23.92488;91.15152
city;Agartala;1987;NA;0;7;NA;agartala;23.92488;91.15152
city;Agartala;1988;2840;2;7;Poor;agartala;23.92488;91.15152
city;Agartala;1994;NA;0;7;NA;agartala;23.92488;91.15152
city;Agartala;1995;NA;0;7;NA;agartala;23.92488;91.15152
city;Agartala;2003;NA;0;7;NA;agartala;23.92488;91.15152
city;Agartala;2018;220;48;7;Good;agartala;23.92488;91.15152
city;Agartala;2019;280;36;7;Good;agartala;23.92488;91.15152
city;Agartala;2020;966;40;7;Good;agartala;23.92488;91.15152
city;Agartala;2021;672;15;7;Good;agartala;23.92488;91.15152
city;Agra;1980;NA;0;2;NA;agra;27.18413;78.00319
city;Agra;1981;NA;0;2;NA;agra;27.18413;78.00319
city;Agra;1982;NA;0;2;NA;agra;27.18413;78.00319
city;Agra;1983;NA;0;2;NA;agra;27.18413;78.00319
city;Agra;1984;NA;0;2;NA;agra;27.18413;78.00319
city;Agra;1985;NA;0;2;NA;agra;27.18413;78.00319
city;Agra;1986;NA;0;2;NA;agra;27.18413;78.00319
city;Agra;1987;NA;0;2;NA;agra;27.18413;78.00319
city;Agra;1988;NA;0;2;NA;agra;27.18413;78.00319
city;Agra;1989;NA;0;2;NA;agra;27.18413;78.00319
city;Agra;1990;NA;0;2;NA;agra;27.18413;78.00319
city;Agra;1991;NA;0;2;NA;agra;27.18413;78.00319
city;Agra;1992;NA;0;2;NA;agra;27.18413;78.00319
city;Agra;1993;NA;0;2;NA;agra;27.18413;78.00319
city;Agra;1994;NA;0;2;NA;agra;27.18413;78.00319
city;Agra;1995;NA;0;2;NA;agra;27.18413;78.00319
city;Agra;1996;NA;0;2;NA;agra;27.18413;78.00319
city;Agra;1997;NA;0;2;NA;agra;27.18413;78.00319
city;Agra;1998;NA;0;2;NA;agra;27.18413;78.00319
city;Agra;1999;NA;0;2;NA;agra;27.18413;78.00319
city;Agra;2000;NA;0;2;NA;agra;27.18413;78.00319
city;Agra;2001;NA;0;2;NA;agra;27.18413;78.00319
city;Agra;2002;NA;0;2;NA;agra;27.18413;78.00319
city;Agra;2003;NA;0;2;NA;agra;27.18413;78.00319
city;Agra;2004;NA;0;2;NA;agra;27.18413;78.00319
city;Agra;2005;NA;0;2;NA;agra;27.18413;78.00319
city;Agra;2006;NA;0;2;NA;agra;27.18413;78.00319
city;Agra;2007;NA;0;2;NA;agra;27.18413;78.00319
city;Agra;2008;NA;0;2;NA;agra;27.18413;78.00319
city;Agra;2009;NA;0;2;NA;agra;27.18413;78.00319
city;Agra;2010;NA;0;2;NA;agra;27.18413;78.00319
city;Agra;2011;NA;0;2;NA;agra;27.18413;78.00319
city;Agra;2012;2060;7;2;Poor;agra;27.18413;78.00319
city;Agra;2013;2260;5;2;Poor;agra;27.18413;78.00319
city;Agra;2014;NA;0;2;NA;agra;27.18413;78.00319
city;Agra;2015;NA;0;2;NA;agra;27.18413;78.00319
city;Agra;2016;NA;0;2;NA;agra;27.18413;78.00319
city;Agra;2017;8420;7;2;Poor;agra;27.18413;78.00319
city;Agra;2018;155000;46;2;Poor;agra;27.18413;78.00319
city;Agra;2019;246000;47;2;Poor;agra;27.18413;78.00319
city;Agra;2020;540000;42;2;Poor;agra;27.18413;78.00319
city;Agra;2021;540000;47;2;Poor;agra;27.18413;78.00319
city;Ahmadabad;1980;8180000;4;5;Poor;ahmadabad;23.02788;72.57889
city;Ahmadabad;1981;14380000;3;5;Poor;ahmadabad;23.02788;72.57889
city;Ahmadabad;1982;24000000;9;5;Poor;ahmadabad;23.02788;72.57889
city;Ahmadabad;1983;24000000;9;5;Poor;ahmadabad;23.02788;72.57889
city;Ahmadabad;1984;24000000;10;5;Poor;ahmadabad;23.02788;72.57889
city;Ahmadabad;1985;99999;12;5;Poor;ahmadabad;23.02788;72.57889
city;Ahmadabad;1986;3500000;11;5;Poor;ahmadabad;23.02788;72.57889
city;Ahmadabad;1987;4420000;12;5;Poor;ahmadabad;23.02788;72.57889
city;Ahmadabad;1988;11000000;11;5;Poor;ahmadabad;23.02788;72.57889
city;Ahmadabad;1989;24000000;12;5;Poor;ahmadabad;23.02788;72.57889
city;Ahmadabad;1990;24000000;12;5;Poor;ahmadabad;23.02788;72.57889
city;Ahmadabad;1991;24000000;11;5;Poor;ahmadabad;23.02788;72.57889
city;Ahmadabad;1992;11000000;12;5;Poor;ahmadabad;23.02788;72.57889
city;Ahmadabad;1993;12300000;10;5;Poor;ahmadabad;23.02788;72.57889
city;Ahmadabad;1995;24000000;12;5;Poor;ahmadabad;23.02788;72.57889
city;Ahmadabad;1996;24000000;12;5;Poor;ahmadabad;23.02788;72.57889
city;Ahmadabad;1997;457000;12;5;Poor;ahmadabad;23.02788;72.57889
city;Ahmadabad;1998;11000000;12;5;Poor;ahmadabad;23.02788;72.57889
city;Ahmadabad;1999;22700000;12;5;Poor;ahmadabad;23.02788;72.57889
city;Ahmadabad;2000;11000000;12;5;Poor;ahmadabad;23.02788;72.57889
city;Ahmadabad;2001;5970;8;5;Poor;ahmadabad;23.02788;72.57889
city;Ahmadabad;2002;1490000;8;5;Poor;ahmadabad;23.02788;72.57889
city;Ahmadabad;2003;1100000;11;5;Poor;ahmadabad;23.02788;72.57889
city;Ahmadabad;2004;93000;11;5;Poor;ahmadabad;23.02788;72.57889
city;Ahmadabad;2005;162000;9;5;Poor;ahmadabad;23.02788;72.57889
city;Ahmadabad;2006;1087500;6;5;Poor;ahmadabad;23.02788;72.57889
city;Ahmadabad;2007;13040;9;5;Poor;ahmadabad;23.02788;72.57889
city;Ahmadabad;2008;15000;10;5;Poor;ahmadabad;23.02788;72.57889
city;Ahmadabad;2018;430;44;5;Good;ahmadabad;23.02788;72.57889
city;Ahmadabad;2019;360;40;5;Good;ahmadabad;23.02788;72.57889
city;Ahmadabad;2020;1400;41;5;Good;ahmadabad;23.02788;72.57889
city;Ahmadabad;2021;1600;12;5;Good;ahmadabad;23.02788;72.57889
city;AlKhartum (Khartoum);1980;NA;0;1;NA;alkhartum (khartoum);15.59496;32.47506
city;AlKhartum (Khartoum);1981;NA;0;1;NA;alkhartum (khartoum);15.59496;32.47506
city;AlKhartum (Khartoum);1982;NA;0;1;NA;alkhartum (khartoum);15.59496;32.47506
city;AlKhartum (Khartoum);1983;NA;0;1;NA;alkhartum (khartoum);15.59496;32.47506
city;AlKhartum (Khartoum);1984;NA;0;1;NA;alkhartum (khartoum);15.59496;32.47506
city;AlKhartum (Khartoum);1985;NA;0;1;NA;alkhartum (khartoum);15.59496;32.47506
city;AlKhartum (Khartoum);1986;NA;0;1;NA;alkhartum (khartoum);15.59496;32.47506
city;AlKhartum (Khartoum);1987;NA;0;1;NA;alkhartum (khartoum);15.59496;32.47506
city;AlKhartum (Khartoum);1988;NA;0;1;NA;alkhartum (khartoum);15.59496;32.47506
city;AlKhartum (Khartoum);1989;NA;0;1;NA;alkhartum (khartoum);15.59496;32.47506
city;AlKhartum (Khartoum);1990;NA;0;1;NA;alkhartum (khartoum);15.59496;32.47506
city;AlKhartum (Khartoum);1991;NA;0;1;NA;alkhartum (khartoum);15.59496;32.47506
city;AlKhartum (Khartoum);1992;NA;0;1;NA;alkhartum (khartoum);15.59496;32.47506
city;AlQahirah (Cairo);1980;NA;0;3;NA;alqahirah (cairo);30.06696;31.28107
city;Allentown-Bethlehem;1998;NA;0;1;NA;allentown-bethlehem;40.63418;-75.40907
city;Allentown-Bethlehem;1999;NA;0;1;NA;allentown-bethlehem;40.63418;-75.40907
city;Allentown-Bethlehem;2000;NA;0;1;NA;allentown-bethlehem;40.63418;-75.40907
city;Allentown-Bethlehem;2001;NA;0;1;NA;allentown-bethlehem;40.63418;-75.40907
city;Angeles City;1980;114800;5;1;Poor;angeles city;15.10779;120.76363
city;Angeles City;1981;3740;2;1;Poor;angeles city;15.10779;120.76363
city;Angeles City;1982;3240;7;1;Poor;angeles city;15.10779;120.76363
city;Angeles City;1983;NA;0;1;NA;angeles city;15.10779;120.76363
city;Angeles City;1984;NA;0;1;NA;angeles city;15.10779;120.76363
city;Asuncion;1993;1362;8;2;Good;asuncion;-25.25826;-57.61492
city;Asuncion;1994;5871;4;2;Good;asuncion;-25.25826;-57.61492
city;Asuncion;2018;NA;0;2;NA;asuncion;-25.25826;-57.61492
city;Asuncion;2019;NA;0;2;NA;asuncion;-25.25826;-57.61492
city;Asuncion;2020;NA;0;2;NA;asuncion;-25.25826;-57.61492
city;Asuncion;2021;NA;0;2;NA;asuncion;-25.25826;-57.61492
city;Asuncion;2022;NA;0;2;NA;asuncion;-25.25826;-57.61492
city;Aswan;1980;NA;0;1;NA;aswan;24.06661;32.89026
city;Asyut;1980;NA;0;1;NA;asyut;27.19138;31.21288
city;Bamako;1987;NA;0;2;NA;bamako;12.61913;-7.98031
city;Bamako;1988;5;1;2;Good;bamako;12.61913;-7.98031
city;Bamako;1992;20;1;2;Good;bamako;12.61913;-7.98031
city;Bamako;1993;235;6;2;Good;bamako;12.61913;-7.98031
city;Bamako;1994;23;1;2;Good;bamako;12.61913;-7.98031
city;Bamako;1995;577;2;2;Good;bamako;12.61913;-7.98031
city;Bamako;1996;40;1;2;Good;bamako;12.61913;-7.98031
city;Basel;1980;NA;0;4;NA;basel;47.563;7.61525
city;Basel;1981;NA;0;4;NA;basel;47.563;7.61525
city;Basel;1982;NA;0;4;NA;basel;47.563;7.61525
city;Basel;1983;NA;0;4;NA;basel;47.563;7.61525
city;Basel;1984;NA;0;4;NA;basel;47.563;7.61525
city;Basel;1985;NA;0;4;NA;basel;47.563;7.61525
city;Basel;1986;NA;0;4;NA;basel;47.563;7.61525
city;Basel;1987;NA;0;4;NA;basel;47.563;7.61525
city;Basel;1988;NA;0;4;NA;basel;47.563;7.61525
city;Basel;1989;NA;0;4;NA;basel;47.563;7.61525
city;Basel;1990;NA;0;4;NA;basel;47.563;7.61525
city;Basel;1991;NA;0;4;NA;basel;47.563;7.61525
city;Basel;1992;NA;0;4;NA;basel;47.563;7.61525
city;Basel;1993;NA;0;4;NA;basel;47.563;7.61525
city;Basel;1994;NA;0;4;NA;basel;47.563;7.61525
city;Basel;1995;NA;0;4;NA;basel;47.563;7.61525
city;Basel;1996;NA;0;4;NA;basel;47.563;7.61525
city;Basel;1997;NA;0;4;NA;basel;47.563;7.61525
city;Basel;1998;NA;0;4;NA;basel;47.563;7.61525
city;Basel;1999;NA;0;4;NA;basel;47.563;7.61525
city;Basel;2000;NA;0;4;NA;basel;47.563;7.61525
city;Basel;2001;NA;0;4;NA;basel;47.563;7.61525
city;Basel;2002;NA;0;4;NA;basel;47.563;7.61525
city;Basel;2008;NA;0;4;NA;basel;47.563;7.61525
city;Basel;2009;NA;0;4;NA;basel;47.563;7.61525
city;Basel;2010;NA;0;4;NA;basel;47.563;7.61525
city;Basel;2011;NA;0;4;NA;basel;47.563;7.61525
city;Basel;2012;NA;0;4;NA;basel;47.563;7.61525
city;Basel;2013;NA;0;4;NA;basel;47.563;7.61525
city;Basel;2014;NA;0;4;NA;basel;47.563;7.61525
city;Basel;2015;NA;0;4;NA;basel;47.563;7.61525
city;Basel;2016;NA;0;4;NA;basel;47.563;7.61525
city;Basel;2017;NA;0;4;NA;basel;47.563;7.61525
city;Basel;2018;NA;0;4;NA;basel;47.563;7.61525
city;Basel;2019;NA;0;4;NA;basel;47.563;7.61525
city;Basel;2020;NA;0;4;NA;basel;47.563;7.61525
city;Basel;2021;NA;0;4;NA;basel;47.563;7.61525
city;Begusarai;1986;NA;0;4;NA;begusarai;25.32052;86.03446
city;Begusarai;1987;NA;0;4;NA;begusarai;25.32052;86.03446
city;Begusarai;1988;NA;0;4;NA;begusarai;25.32052;86.03446
city;Begusarai;1989;NA;0;4;NA;begusarai;25.32052;86.03446
city;Begusarai;1990;NA;0;4;NA;begusarai;25.32052;86.03446
city;Begusarai;1991;NA;0;4;NA;begusarai;25.32052;86.03446
city;Begusarai;1992;NA;0;4;NA;begusarai;25.32052;86.03446
city;Begusarai;1993;NA;0;4;NA;begusarai;25.32052;86.03446
city;Begusarai;1994;NA;0;4;NA;begusarai;25.32052;86.03446
city;Begusarai;1995;NA;0;4;NA;begusarai;25.32052;86.03446
city;Begusarai;1996;NA;0;4;NA;begusarai;25.32052;86.03446
city;Begusarai;1997;NA;0;4;NA;begusarai;25.32052;86.03446
city;Begusarai;1998;NA;0;4;NA;begusarai;25.32052;86.03446
city;Begusarai;1999;NA;0;4;NA;begusarai;25.32052;86.03446
city;Begusarai;2000;NA;0;4;NA;begusarai;25.32052;86.03446
city;Begusarai;2001;NA;0;4;NA;begusarai;25.32052;86.03446
city;Begusarai;2002;NA;0;4;NA;begusarai;25.32052;86.03446
city;Begusarai;2003;NA;0;4;NA;begusarai;25.32052;86.03446
city;Begusarai;2004;NA;0;4;NA;begusarai;25.32052;86.03446
city;Begusarai;2005;NA;0;4;NA;begusarai;25.32052;86.03446
city;Begusarai;2006;NA;0;4;NA;begusarai;25.32052;86.03446
city;Begusarai;2007;NA;0;4;NA;begusarai;25.32052;86.03446
city;Begusarai;2008;NA;0;4;NA;begusarai;25.32052;86.03446
city;Begusarai;2009;NA;0;4;NA;begusarai;25.32052;86.03446
city;Begusarai;2010;NA;0;4;NA;begusarai;25.32052;86.03446
city;Begusarai;2011;NA;0;4;NA;begusarai;25.32052;86.03446
city;Begusarai;2012;NA;0;4;NA;begusarai;25.32052;86.03446
city;Begusarai;2013;NA;0;4;NA;begusarai;25.32052;86.03446
city;Begusarai;2014;NA;0;4;NA;begusarai;25.32052;86.03446
city;Begusarai;2015;NA;0;4;NA;begusarai;25.32052;86.03446
city;Begusarai;2016;NA;0;4;NA;begusarai;25.32052;86.03446
city;Begusarai;2017;NA;0;4;NA;begusarai;25.32052;86.03446
city;Begusarai;2018;20600;22;4;Poor;begusarai;25.32052;86.03446
city;Begusarai;2019;14600;19;4;Poor;begusarai;25.32052;86.03446
city;Begusarai;2020;92000;31;4;Poor;begusarai;25.32052;86.03446
city;Begusarai;2021;34300;12;4;Poor;begusarai;25.32052;86.03446
city;Berlin;2008;NA;0;1;NA;berlin;52.50959;13.4022
city;Berlin;2009;NA;0;1;NA;berlin;52.50959;13.4022
city;Berlin;2010;NA;0;1;NA;berlin;52.50959;13.4022
city;Berlin;2011;NA;0;1;NA;berlin;52.50959;13.4022
city;Berlin;2012;NA;0;1;NA;berlin;52.50959;13.4022
city;Berlin;2013;NA;0;1;NA;berlin;52.50959;13.4022
city;Berlin;2014;NA;0;1;NA;berlin;52.50959;13.4022
city;Berlin;2015;NA;0;1;NA;berlin;52.50959;13.4022
city;Berlin;2016;NA;0;1;NA;berlin;52.50959;13.4022
city;Berlin;2017;NA;0;1;NA;berlin;52.50959;13.4022
city;Berlin;2018;NA;0;1;NA;berlin;52.50959;13.4022
city;Berlin;2019;NA;0;1;NA;berlin;52.50959;13.4022
city;Berlin;2020;NA;0;1;NA;berlin;52.50959;13.4022
city;Berlin;2021;NA;0;1;NA;berlin;52.50959;13.4022
city;Bhagalpur;2018;21000;22;3;Poor;bhagalpur;25.29657;86.98478
city;Bhagalpur;2019;17000;30;3;Poor;bhagalpur;25.29657;86.98478
city;Bhagalpur;2020;160000;43;3;Poor;bhagalpur;25.29657;86.98478
city;Bhagalpur;2021;139600;14;3;Poor;bhagalpur;25.29657;86.98478
city;Bhubaneswar;2018;160000;72;6;Poor;bhubaneswar;20.28889;85.84112
city;Bhubaneswar;2019;160000;72;6;Poor;bhubaneswar;20.28889;85.84112
city;Bhubaneswar;2020;160000;72;6;Poor;bhubaneswar;20.28889;85.84112
city;Bhubaneswar;2021;160000;18;6;Poor;bhubaneswar;20.28889;85.84112
city;Bogota;2005;NA;0;1;NA;bogota;4.6909;-74.1626
city;Bogota;2006;NA;0;1;NA;bogota;4.6909;-74.1626
city;Bogota;2007;NA;0;1;NA;bogota;4.6909;-74.1626
city;Bogota;2008;NA;0;1;NA;bogota;4.6909;-74.1626
city;Bogota;2009;NA;0;1;NA;bogota;4.6909;-74.1626
city;Bogota;2010;NA;0;1;NA;bogota;4.6909;-74.1626
city;Bogota;2011;NA;0;1;NA;bogota;4.6909;-74.1626
city;Bogota;2012;NA;0;1;NA;bogota;4.6909;-74.1626
city;Bogota;2013;NA;0;1;NA;bogota;4.6909;-74.1626
city;Bratislava;1995;1035;12;1;Good;bratislava;48.14206;17.11063
city;Bruxelles;2006;NA;0;6;NA;bruxelles;50.84932;4.37115
city;Bruxelles;2007;NA;0;6;NA;bruxelles;50.84932;4.37115
city;Bruxelles;2008;NA;0;6;NA;bruxelles;50.84932;4.37115
city;Bruxelles;2009;NA;0;6;NA;bruxelles;50.84932;4.37115
city;Bruxelles;2010;NA;0;6;NA;bruxelles;50.84932;4.37115
city;Bruxelles;2011;NA;0;6;NA;bruxelles;50.84932;4.37115
city;Bruxelles;2012;NA;0;6;NA;bruxelles;50.84932;4.37115
city;Bruxelles;2013;NA;0;6;NA;bruxelles;50.84932;4.37115
city;Bruxelles;2014;NA;0;6;NA;bruxelles;50.84932;4.37115
city;Bruxelles;2015;NA;0;6;NA;bruxelles;50.84932;4.37115
city;Bruxelles;2016;NA;0;6;NA;bruxelles;50.84932;4.37115
city;Bruxelles;2017;NA;0;6;NA;bruxelles;50.84932;4.37115
city;Bruxelles;2018;NA;0;6;NA;bruxelles;50.84932;4.37115
city;Bruxelles;2019;NA;0;6;NA;bruxelles;50.84932;4.37115
city;Bruxelles;2020;NA;0;6;NA;bruxelles;50.84932;4.37115
city;Bruxelles;2021;NA;0;6;NA;bruxelles;50.84932;4.37115
city;Cagayan de Oro City;1980;12000;16;1;Poor;cagayan de oro city;8.48134;124.63859
city;Cagayan de Oro City;1981;9200;21;1;Poor;cagayan de oro city;8.48134;124.63859
city;Cagayan de Oro City;1982;4600;1;1;Poor;cagayan de oro city;8.48134;124.63859
city;Cagayan de Oro City;1983;NA;0;1;NA;cagayan de oro city;8.48134;124.63859
city;Cagayan de Oro City;1984;NA;0;1;NA;cagayan de oro city;8.48134;124.63859
city;Cagayan de Oro City;1985;NA;0;1;NA;cagayan de oro city;8.48134;124.63859
city;Cagayan de Oro City;1986;NA;0;1;NA;cagayan de oro city;8.48134;124.63859
city;Cagayan de Oro City;1988;NA;0;1;NA;cagayan de oro city;8.48134;124.63859
city;Cagayan de Oro City;1989;NA;0;1;NA;cagayan de oro city;8.48134;124.63859
city;Cagayan de Oro City;1990;NA;0;1;NA;cagayan de oro city;8.48134;124.63859
city;Cagayan de Oro City;1991;NA;0;1;NA;cagayan de oro city;8.48134;124.63859
city;Cagayan de Oro City;1992;NA;0;1;NA;cagayan de oro city;8.48134;124.63859
city;Cagayan de Oro City;1993;NA;0;1;NA;cagayan de oro city;8.48134;124.63859
city;Cagayan de Oro City;1994;NA;0;1;NA;cagayan de oro city;8.48134;124.63859
city;Cagayan de Oro City;1995;NA;0;1;NA;cagayan de oro city;8.48134;124.63859
city;Cagayan de Oro City;1996;NA;0;1;NA;cagayan de oro city;8.48134;124.63859
city;Cagayan de Oro City;1997;NA;0;1;NA;cagayan de oro city;8.48134;124.63859
city;Cagayan de Oro City;1999;NA;0;1;NA;cagayan de oro city;8.48134;124.63859
city;Cali;1983;2400000;10;2;Poor;cali;3.42257;-76.49219
city;Cali;1984;2400000;11;2;Poor;cali;3.42257;-76.49219
city;Cali;1985;2400000;7;2;Poor;cali;3.42257;-76.49219
city;Cali;1986;2400000;5;2;Poor;cali;3.42257;-76.49219
city;Cali;1987;2400000;4;2;Poor;cali;3.42257;-76.49219
city;Cali;1988;218400;2;2;Poor;cali;3.42257;-76.49219
city;Cali;2005;NA;0;2;NA;cali;3.42257;-76.49219
city;Cali;2006;NA;0;2;NA;cali;3.42257;-76.49219
city;Cali;2007;NA;0;2;NA;cali;3.42257;-76.49219
city;Cali;2008;NA;0;2;NA;cali;3.42257;-76.49219
city;Cali;2009;NA;0;2;NA;cali;3.42257;-76.49219
city;Cali;2010;NA;0;2;NA;cali;3.42257;-76.49219
city;Cali;2011;NA;0;2;NA;cali;3.42257;-76.49219
city;Cali;2012;NA;0;2;NA;cali;3.42257;-76.49219
city;Cali;2013;NA;0;2;NA;cali;3.42257;-76.49219
city;Chiang Rai;1985;NA;0;1;NA;chiang rai;19.91109;99.83266
city;Chiang Rai;1986;NA;0;1;NA;chiang rai;19.91109;99.83266
city;Chiang Rai;1987;NA;0;1;NA;chiang rai;19.91109;99.83266
city;Chiang Rai;1988;NA;0;1;NA;chiang rai;19.91109;99.83266
city;Chiang Rai;1989;NA;0;1;NA;chiang rai;19.91109;99.83266
city;Chiang Rai;1990;NA;0;1;NA;chiang rai;19.91109;99.83266
city;Chiang Rai;1991;NA;0;1;NA;chiang rai;19.91109;99.83266
city;Chiang Rai;1992;NA;0;1;NA;chiang rai;19.91109;99.83266
city;Chiang Rai;1993;NA;0;1;NA;chiang rai;19.91109;99.83266
city;Chiang Rai;1994;NA;0;1;NA;chiang rai;19.91109;99.83266
city;Chicago;1987;NA;0;1;NA;chicago;41.78042;-87.90206
city;Chicago;1989;NA;0;1;NA;chicago;41.78042;-87.90206
city;Chicago;1990;NA;0;1;NA;chicago;41.78042;-87.90206
city;Chicago;1999;NA;0;1;NA;chicago;41.78042;-87.90206
city;Chicago;2000;NA;0;1;NA;chicago;41.78042;-87.90206
city;Chicago;2001;NA;0;1;NA;chicago;41.78042;-87.90206
city;Chicago;2002;NA;0;1;NA;chicago;41.78042;-87.90206
city;Ciudad del Este;1996;27;2;2;Good;ciudad del este;-25.51703;-54.61405
city;Ciudad del Este;1997;26;2;2;Good;ciudad del este;-25.51703;-54.61405
city;Ciudad del Este;1998;2440;3;2;Poor;ciudad del este;-25.51703;-54.61405
city;Ciudad del Este;1999;35000;1;2;Poor;ciudad del este;-25.51703;-54.61405
city;Ciudad del Este;2000;NA;0;2;NA;ciudad del este;-25.51703;-54.61405
city;Ciudad del Este;2001;NA;0;2;NA;ciudad del este;-25.51703;-54.61405
city;Ciudad del Este;2002;NA;0;2;NA;ciudad del este;-25.51703;-54.61405
city;Ciudad del Este;2003;280000;1;2;Poor;ciudad del este;-25.51703;-54.61405
city;Ciudad del Este;2005;15384;2;2;Poor;ciudad del este;-25.51703;-54.61405
city;Ciudad del Este;2006;NA;0;2;NA;ciudad del este;-25.51703;-54.61405
city;Ciudad del Este;2007;NA;0;2;NA;ciudad del este;-25.51703;-54.61405
city;Ciudad del Este;2008;NA;0;2;NA;ciudad del este;-25.51703;-54.61405
city;Ciudad del Este;2009;NA;0;2;NA;ciudad del este;-25.51703;-54.61405
city;Ciudad del Este;2010;NA;0;2;NA;ciudad del este;-25.51703;-54.61405
city;Ciudad del Este;2011;NA;0;2;NA;ciudad del este;-25.51703;-54.61405
city;Ciudad del Este;2012;722;2;2;Good;ciudad del este;-25.51703;-54.61405
city;Ciudad del Este;2013;NA;0;2;NA;ciudad del este;-25.51703;-54.61405
city;Ciudad del Este;2018;NA;0;2;NA;ciudad del este;-25.51703;-54.61405
city;Ciudad del Este;2019;NA;0;2;NA;ciudad del este;-25.51703;-54.61405
city;Ciudad del Este;2020;NA;0;2;NA;ciudad del este;-25.51703;-54.61405
city;Ciudad del Este;2021;NA;0;2;NA;ciudad del este;-25.51703;-54.61405
city;Ciudad del Este;2022;NA;0;2;NA;ciudad del este;-25.51703;-54.61405
city;Colombo;1980;185327;12;19;Poor;colombo;6.93006;79.95624
city;Colombo;2003;NA;0;19;NA;colombo;6.93006;79.95624
city;Colombo;2004;NA;0;19;NA;colombo;6.93006;79.95624
city;Colombo;2005;5,4E+14;70;19;Poor;colombo;6.93006;79.95624
city;Colombo;2006;16000;27;19;Poor;colombo;6.93006;79.95624
city;Colombo;2007;15300;22;19;Poor;colombo;6.93006;79.95624
city;Colombo;2008;5000;28;19;Poor;colombo;6.93006;79.95624
city;Colombo;2009;5000;11;19;Poor;colombo;6.93006;79.95624
city;Colombo;2010;1300;40;19;Good;colombo;6.93006;79.95624
city;Colombo;2011;2380;52;19;Poor;colombo;6.93006;79.95624
city;Colombo;2012;2920;115;19;Poor;colombo;6.93006;79.95624
city;Colombo;2013;7000;16;19;Poor;colombo;6.93006;79.95624
city;Colombo;2014;9000;54;19;Poor;colombo;6.93006;79.95624
city;Colombo;2015;3000;30;19;Poor;colombo;6.93006;79.95624
city;Columbia, South Carolina;1995;NA;0;1;NA;columbia, south carolina;33.99497;-81.00607
city;Columbia, South Carolina;1996;NA;0;1;NA;columbia, south carolina;33.99497;-81.00607
city;Columbia, South Carolina;1997;NA;0;1;NA;columbia, south carolina;33.99497;-81.00607
city;Concepción;1984;NA;0;4;NA;concepcion;-36.79409;-73.08454
city;Concepción;1985;NA;0;4;NA;concepcion;-36.79409;-73.08454
city;Concepción;1986;NA;0;4;NA;concepcion;-36.79409;-73.08454
city;Concepción;1987;NA;0;4;NA;concepcion;-36.79409;-73.08454
city;Concepción;1988;NA;0;4;NA;concepcion;-36.79409;-73.08454
city;Concepción;1989;NA;0;4;NA;concepcion;-36.79409;-73.08454
city;Concepción;1990;NA;0;4;NA;concepcion;-36.79409;-73.08454
city;Concepción;1991;NA;0;4;NA;concepcion;-36.79409;-73.08454
city;Concepción;1992;NA;0;4;NA;concepcion;-36.79409;-73.08454
city;Concepción;1993;NA;0;4;NA;concepcion;-36.79409;-73.08454
city;Concepción;1994;NA;0;4;NA;concepcion;-36.79409;-73.08454
city;Concepción;1995;NA;0;4;NA;concepcion;-36.79409;-73.08454
city;Concepción;1996;NA;0;4;NA;concepcion;-36.79409;-73.08454
city;Concepción;1997;NA;0;4;NA;concepcion;-36.79409;-73.08454
city;Concepción;1998;NA;0;4;NA;concepcion;-36.79409;-73.08454
city;Concepción;2000;NA;0;4;NA;concepcion;-36.79409;-73.08454
city;Concepción;2001;NA;0;4;NA;concepcion;-36.79409;-73.08454
city;Concepción;2002;NA;0;4;NA;concepcion;-36.79409;-73.08454
city;Concepción;2003;NA;0;4;NA;concepcion;-36.79409;-73.08454
city;Concepción;2004;NA;0;4;NA;concepcion;-36.79409;-73.08454
city;Concepción;2005;NA;0;4;NA;concepcion;-36.79409;-73.08454
city;Concepción;2006;NA;0;4;NA;concepcion;-36.79409;-73.08454
city;Concepción;2007;NA;0;4;NA;concepcion;-36.79409;-73.08454
city;Concepción;2008;NA;0;4;NA;concepcion;-36.79409;-73.08454
city;Concepción;2009;NA;0;4;NA;concepcion;-36.79409;-73.08454
city;Concepción;2010;NA;0;4;NA;concepcion;-36.79409;-73.08454
city;Concepción;2011;NA;0;4;NA;concepcion;-36.79409;-73.08454
city;Concepción;2012;NA;0;4;NA;concepcion;-36.79409;-73.08454
city;Concepción;2013;NA;0;4;NA;concepcion;-36.79409;-73.08454
city;Concepción;2014;NA;0;4;NA;concepcion;-36.79409;-73.08454
city;Concepción;2015;NA;0;4;NA;concepcion;-36.79409;-73.08454
city;Concepción;2016;NA;0;4;NA;concepcion;-36.79409;-73.08454
city;Concepción;2017;NA;0;4;NA;concepcion;-36.79409;-73.08454
city;Concepción;2018;800;1;4;Good;concepcion;-36.79409;-73.08454
city;Culiacan;2012;24196;5;10;Poor;culiacan;24.79921;-107.4195
city;Culiacan;2013;24196;52;10;Poor;culiacan;24.79921;-107.4195
city;Culiacan;2014;24196;45;10;Poor;culiacan;24.79921;-107.4195
city;Culiacan;2015;24196;48;10;Poor;culiacan;24.79921;-107.4195
city;Culiacan;2016;24196;47;10;Poor;culiacan;24.79921;-107.4195
city;Culiacan;2017;6,7409E+14;48;10;Poor;culiacan;24.79921;-107.4195
city;Culiacan;2018;52629;48;10;Poor;culiacan;24.79921;-107.4195
city;Culiacan;2019;79675;16;10;Poor;culiacan;24.79921;-107.4195
city;Culiacan;2020;24196;8;10;Poor;culiacan;24.79921;-107.4195
city;Culiacan;2021;11000;1;10;Poor;culiacan;24.79921;-107.4195
city;Dallas-Fort Worth;1980;NA;0;2;NA;dallas-fort worth;32.85028;-96.96328
city;Dallas-Fort Worth;1981;NA;0;2;NA;dallas-fort worth;32.85028;-96.96328
city;Dallas-Fort Worth;1982;NA;0;2;NA;dallas-fort worth;32.85028;-96.96328
city;Dallas-Fort Worth;1983;NA;0;2;NA;dallas-fort worth;32.85028;-96.96328
city;Dallas-Fort Worth;1984;NA;0;2;NA;dallas-fort worth;32.85028;-96.96328
city;Dallas-Fort Worth;1985;NA;0;2;NA;dallas-fort worth;32.85028;-96.96328
city;Dallas-Fort Worth;1986;NA;0;2;NA;dallas-fort worth;32.85028;-96.96328
city;Dallas-Fort Worth;1987;NA;0;2;NA;dallas-fort worth;32.85028;-96.96328
city;Dallas-Fort Worth;1988;NA;0;2;NA;dallas-fort worth;32.85028;-96.96328
city;Dallas-Fort Worth;1989;NA;0;2;NA;dallas-fort worth;32.85028;-96.96328
city;Dallas-Fort Worth;1990;NA;0;2;NA;dallas-fort worth;32.85028;-96.96328
city;Dallas-Fort Worth;1991;NA;0;2;NA;dallas-fort worth;32.85028;-96.96328
city;Dallas-Fort Worth;1992;NA;0;2;NA;dallas-fort worth;32.85028;-96.96328
city;Dallas-Fort Worth;1993;NA;0;2;NA;dallas-fort worth;32.85028;-96.96328
city;Dallas-Fort Worth;1994;NA;0;2;NA;dallas-fort worth;32.85028;-96.96328
city;Dallas-Fort Worth;1995;NA;0;2;NA;dallas-fort worth;32.85028;-96.96328
city;Dallas-Fort Worth;1996;NA;0;2;NA;dallas-fort worth;32.85028;-96.96328
city;Dallas-Fort Worth;1997;NA;0;2;NA;dallas-fort worth;32.85028;-96.96328
city;Dallas-Fort Worth;1998;NA;0;2;NA;dallas-fort worth;32.85028;-96.96328
city;Dallas-Fort Worth;1999;NA;0;2;NA;dallas-fort worth;32.85028;-96.96328
city;Dallas-Fort Worth;2000;NA;0;2;NA;dallas-fort worth;32.85028;-96.96328
city;Dallas-Fort Worth;2001;NA;0;2;NA;dallas-fort worth;32.85028;-96.96328
city;Dallas-Fort Worth;2002;NA;0;2;NA;dallas-fort worth;32.85028;-96.96328
city;Dallas-Fort Worth;2003;NA;0;2;NA;dallas-fort worth;32.85028;-96.96328
city;Dallas-Fort Worth;2004;NA;0;2;NA;dallas-fort worth;32.85028;-96.96328
city;Dallas-Fort Worth;2005;NA;0;2;NA;dallas-fort worth;32.85028;-96.96328
city;Dallas-Fort Worth;2006;NA;0;2;NA;dallas-fort worth;32.85028;-96.96328
city;Dallas-Fort Worth;2007;NA;0;2;NA;dallas-fort worth;32.85028;-96.96328
city;Dallas-Fort Worth;2008;NA;0;2;NA;dallas-fort worth;32.85028;-96.96328
city;Dallas-Fort Worth;2009;NA;0;2;NA;dallas-fort worth;32.85028;-96.96328
city;Dallas-Fort Worth;2010;NA;0;2;NA;dallas-fort worth;32.85028;-96.96328
city;Dallas-Fort Worth;2011;NA;0;2;NA;dallas-fort worth;32.85028;-96.96328
city;Dallas-Fort Worth;2012;NA;0;2;NA;dallas-fort worth;32.85028;-96.96328
city;Dallas-Fort Worth;2013;NA;0;2;NA;dallas-fort worth;32.85028;-96.96328
city;Dallas-Fort Worth;2014;NA;0;2;NA;dallas-fort worth;32.85028;-96.96328
city;Dallas-Fort Worth;2015;NA;0;2;NA;dallas-fort worth;32.85028;-96.96328
city;Dallas-Fort Worth;2016;NA;0;2;NA;dallas-fort worth;32.85028;-96.96328
city;Dallas-Fort Worth;2017;NA;0;2;NA;dallas-fort worth;32.85028;-96.96328
city;Dallas-Fort Worth;2018;NA;0;2;NA;dallas-fort worth;32.85028;-96.96328
city;Dallas-Fort Worth;2019;NA;0;2;NA;dallas-fort worth;32.85028;-96.96328
city;Dallas-Fort Worth;2020;NA;0;2;NA;dallas-fort worth;32.85028;-96.96328
city;Delhi;2007;435;14;23;Good;delhi;28.67343;77.24728
city;Delhi;2008;369;46;23;Good;delhi;28.67343;77.24728
city;Delhi;2009;263;48;23;Good;delhi;28.67343;77.24728
city;Delhi;2010;100;48;23;Good;delhi;28.67343;77.24728
city;Delhi;2011;830;48;23;Good;delhi;28.67343;77.24728
city;Delhi;2012;1600;48;23;Good;delhi;28.67343;77.24728
city;Delhi;2013;1120;20;23;Good;delhi;28.67343;77.24728
city;Delhi;2014;1810;10;23;Good;delhi;28.67343;77.24728
city;Delhi;2015;800000;18;23;Poor;delhi;28.67343;77.24728
city;Delhi;2016;399000;42;23;Poor;delhi;28.67343;77.24728
city;Delhi;2017;4620000;39;23;Poor;delhi;28.67343;77.24728
city;Delhi;2018;4700000;142;23;Poor;delhi;28.67343;77.24728
city;Delhi;2019;5080000;155;23;Poor;delhi;28.67343;77.24728
city;Delhi;2020;4840000;164;23;Poor;delhi;28.67343;77.24728
city;Delhi;2021;9,76E+14;85;23;Poor;delhi;28.67343;77.24728
city;Denver-Aurora;1980;NA;0;1;NA;denver-aurora;39.72333;-104.9741
city;Denver-Aurora;1992;NA;0;1;NA;denver-aurora;39.72333;-104.9741
city;Denver-Aurora;1993;NA;0;1;NA;denver-aurora;39.72333;-104.9741
city;Denver-Aurora;1994;NA;0;1;NA;denver-aurora;39.72333;-104.9741
city;Denver-Aurora;1995;NA;0;1;NA;denver-aurora;39.72333;-104.9741
city;Denver-Aurora;2001;NA;0;1;NA;denver-aurora;39.72333;-104.9741
city;Denver-Aurora;2002;NA;0;1;NA;denver-aurora;39.72333;-104.9741
city;Denver-Aurora;2003;NA;0;1;NA;denver-aurora;39.72333;-104.9741
city;Denver-Aurora;2004;NA;0;1;NA;denver-aurora;39.72333;-104.9741
city;Denver-Aurora;2005;NA;0;1;NA;denver-aurora;39.72333;-104.9741
city;Denver-Aurora;2006;NA;0;1;NA;denver-aurora;39.72333;-104.9741
city;Denver-Aurora;2007;NA;0;1;NA;denver-aurora;39.72333;-104.9741
city;Denver-Aurora;2008;NA;0;1;NA;denver-aurora;39.72333;-104.9741
city;Denver-Aurora;2009;NA;0;1;NA;denver-aurora;39.72333;-104.9741
city;Denver-Aurora;2010;NA;0;1;NA;denver-aurora;39.72333;-104.9741
city;Denver-Aurora;2011;NA;0;1;NA;denver-aurora;39.72333;-104.9741
city;Denver-Aurora;2012;NA;0;1;NA;denver-aurora;39.72333;-104.9741
city;Denver-Aurora;2013;NA;0;1;NA;denver-aurora;39.72333;-104.9741
city;Denver-Aurora;2014;NA;0;1;NA;denver-aurora;39.72333;-104.9741
city;Denver-Aurora;2015;NA;0;1;NA;denver-aurora;39.72333;-104.9741
city;Denver-Aurora;2016;NA;0;1;NA;denver-aurora;39.72333;-104.9741
city;Denver-Aurora;2017;NA;0;1;NA;denver-aurora;39.72333;-104.9741
city;Denver-Aurora;2018;NA;0;1;NA;denver-aurora;39.72333;-104.9741
city;Denver-Aurora;2019;NA;0;1;NA;denver-aurora;39.72333;-104.9741
city;Denver-Aurora;2020;NA;0;1;NA;denver-aurora;39.72333;-104.9741
city;Erode;1980;NA;0;15;NA;erode;11.37949;77.70709
city;Erode;1981;NA;0;15;NA;erode;11.37949;77.70709
city;Erode;1982;NA;0;15;NA;erode;11.37949;77.70709
city;Erode;1983;NA;0;15;NA;erode;11.37949;77.70709
city;Erode;1984;NA;0;15;NA;erode;11.37949;77.70709
city;Erode;1985;NA;0;15;NA;erode;11.37949;77.70709
city;Erode;1986;NA;0;15;NA;erode;11.37949;77.70709
city;Erode;1987;NA;0;15;NA;erode;11.37949;77.70709
city;Erode;1988;NA;0;15;NA;erode;11.37949;77.70709
city;Erode;1989;NA;0;15;NA;erode;11.37949;77.70709
city;Erode;1990;NA;0;15;NA;erode;11.37949;77.70709
city;Erode;1991;NA;0;15;NA;erode;11.37949;77.70709
city;Erode;1992;NA;0;15;NA;erode;11.37949;77.70709
city;Erode;1993;NA;0;15;NA;erode;11.37949;77.70709
city;Erode;1994;NA;0;15;NA;erode;11.37949;77.70709
city;Erode;1995;NA;0;15;NA;erode;11.37949;77.70709
city;Erode;1996;NA;0;15;NA;erode;11.37949;77.70709
city;Erode;1997;NA;0;15;NA;erode;11.37949;77.70709
city;Erode;1998;NA;0;15;NA;erode;11.37949;77.70709
city;Erode;1999;NA;0;15;NA;erode;11.37949;77.70709
city;Erode;2000;NA;0;15;NA;erode;11.37949;77.70709
city;Erode;2001;NA;0;15;NA;erode;11.37949;77.70709
city;Erode;2002;NA;0;15;NA;erode;11.37949;77.70709
city;Erode;2003;NA;0;15;NA;erode;11.37949;77.70709
city;Erode;2004;NA;0;15;NA;erode;11.37949;77.70709
city;Erode;2005;NA;0;15;NA;erode;11.37949;77.70709
city;Erode;2006;NA;0;15;NA;erode;11.37949;77.70709
city;Erode;2007;NA;0;15;NA;erode;11.37949;77.70709
city;Erode;2008;NA;0;15;NA;erode;11.37949;77.70709
city;Erode;2009;NA;0;15;NA;erode;11.37949;77.70709
city;Erode;2010;NA;0;15;NA;erode;11.37949;77.70709
city;Erode;2011;NA;0;15;NA;erode;11.37949;77.70709
city;Erode;2012;NA;0;15;NA;erode;11.37949;77.70709
city;Erode;2013;NA;0;15;NA;erode;11.37949;77.70709
city;Erode;2014;NA;0;15;NA;erode;11.37949;77.70709
city;Erode;2015;NA;0;15;NA;erode;11.37949;77.70709
city;Erode;2016;NA;0;15;NA;erode;11.37949;77.70709
city;Erode;2018;490;98;15;Good;erode;11.37949;77.70709
city;Erode;2019;315;106;15;Good;erode;11.37949;77.70709
city;Erode;2020;210;164;15;Good;erode;11.37949;77.70709
city;Erode;2021;730;56;15;Good;erode;11.37949;77.70709
city;Esfahan;1980;1100;2;1;Good;esfahan;32.67222;51.66227
city;Esfahan;1981;1100;23;1;Good;esfahan;32.67222;51.66227
city;Esfahan;1982;1100;19;1;Good;esfahan;32.67222;51.66227
city;Farrukhabad;1980;NA;0;2;NA;farrukhabad;27.38269;79.61425
city;Farrukhabad;1981;NA;0;2;NA;farrukhabad;27.38269;79.61425
city;Farrukhabad;1982;NA;0;2;NA;farrukhabad;27.38269;79.61425
city;Farrukhabad;1983;NA;0;2;NA;farrukhabad;27.38269;79.61425
city;Farrukhabad;1984;NA;0;2;NA;farrukhabad;27.38269;79.61425
city;Farrukhabad;1985;NA;0;2;NA;farrukhabad;27.38269;79.61425
city;Farrukhabad;1986;NA;0;2;NA;farrukhabad;27.38269;79.61425
city;Farrukhabad;1987;NA;0;2;NA;farrukhabad;27.38269;79.61425
city;Farrukhabad;1988;NA;0;2;NA;farrukhabad;27.38269;79.61425
city;Farrukhabad;1989;NA;0;2;NA;farrukhabad;27.38269;79.61425
city;Farrukhabad;1990;NA;0;2;NA;farrukhabad;27.38269;79.61425
city;Farrukhabad;1991;NA;0;2;NA;farrukhabad;27.38269;79.61425
city;Farrukhabad;1992;NA;0;2;NA;farrukhabad;27.38269;79.61425
city;Farrukhabad;1993;NA;0;2;NA;farrukhabad;27.38269;79.61425
city;Farrukhabad;1994;NA;0;2;NA;farrukhabad;27.38269;79.61425
city;Farrukhabad;1995;NA;0;2;NA;farrukhabad;27.38269;79.61425
city;Farrukhabad;1996;NA;0;2;NA;farrukhabad;27.38269;79.61425
city;Farrukhabad;1997;NA;0;2;NA;farrukhabad;27.38269;79.61425
city;Farrukhabad;1998;NA;0;2;NA;farrukhabad;27.38269;79.61425
city;Farrukhabad;1999;NA;0;2;NA;farrukhabad;27.38269;79.61425
city;Farrukhabad;2000;NA;0;2;NA;farrukhabad;27.38269;79.61425
city;Farrukhabad;2001;NA;0;2;NA;farrukhabad;27.38269;79.61425
city;Farrukhabad;2002;NA;0;2;NA;farrukhabad;27.38269;79.61425
city;Farrukhabad;2003;NA;0;2;NA;farrukhabad;27.38269;79.61425
city;Farrukhabad;2004;NA;0;2;NA;farrukhabad;27.38269;79.61425
city;Farrukhabad;2005;NA;0;2;NA;farrukhabad;27.38269;79.61425
city;Farrukhabad;2006;NA;0;2;NA;farrukhabad;27.38269;79.61425
city;Farrukhabad;2007;NA;0;2;NA;farrukhabad;27.38269;79.61425
city;Farrukhabad;2008;NA;0;2;NA;farrukhabad;27.38269;79.61425
city;Farrukhabad;2009;NA;0;2;NA;farrukhabad;27.38269;79.61425
city;Farrukhabad;2010;NA;0;2;NA;farrukhabad;27.38269;79.61425
city;Farrukhabad;2011;NA;0;2;NA;farrukhabad;27.38269;79.61425
city;Farrukhabad;2012;NA;0;2;NA;farrukhabad;27.38269;79.61425
city;Farrukhabad;2013;NA;0;2;NA;farrukhabad;27.38269;79.61425
city;Farrukhabad;2014;NA;0;2;NA;farrukhabad;27.38269;79.61425
city;Farrukhabad;2015;NA;0;2;NA;farrukhabad;27.38269;79.61425
city;Farrukhabad;2016;3180;5;2;Poor;farrukhabad;27.38269;79.61425
city;Farrukhabad;2017;2820;10;2;Poor;farrukhabad;27.38269;79.61425
city;Farrukhabad;2018;2900;23;2;Poor;farrukhabad;27.38269;79.61425
city;Farrukhabad;2019;1400;24;2;Good;farrukhabad;27.38269;79.61425
city;Farrukhabad;2020;2100;25;2;Poor;farrukhabad;27.38269;79.61425
city;Farrukhabad;2021;3450;12;2;Poor;farrukhabad;27.38269;79.61425
city;Geneve;2011;NA;0;1;NA;geneve;46.20518;6.1459
city;Geneve;2012;NA;0;1;NA;geneve;46.20518;6.1459
city;Geneve;2013;NA;0;1;NA;geneve;46.20518;6.1459
city;Geneve;2014;NA;0;1;NA;geneve;46.20518;6.1459
city;Geneve;2015;NA;0;1;NA;geneve;46.20518;6.1459
city;Geneve;2018;NA;0;1;NA;geneve;46.20518;6.1459
city;Geneve;2019;NA;0;1;NA;geneve;46.20518;6.1459
city;Geneve;2020;NA;0;1;NA;geneve;46.20518;6.1459
city;Geneve;2021;NA;0;1;NA;geneve;46.20518;6.1459
city;Grenoble;2006;NA;0;1;NA;grenoble;45.18913;5.73258
city;Grenoble;2007;NA;0;1;NA;grenoble;45.18913;5.73258
city;Grenoble;2008;NA;0;1;NA;grenoble;45.18913;5.73258
city;Grenoble;2009;NA;0;1;NA;grenoble;45.18913;5.73258
city;Grenoble;2010;NA;0;1;NA;grenoble;45.18913;5.73258
city;Grenoble;2011;NA;0;1;NA;grenoble;45.18913;5.73258
city;Grenoble;2012;NA;0;1;NA;grenoble;45.18913;5.73258
city;Grenoble;2013;NA;0;1;NA;grenoble;45.18913;5.73258
city;Grenoble;2014;NA;0;1;NA;grenoble;45.18913;5.73258
city;Grenoble;2015;NA;0;1;NA;grenoble;45.18913;5.73258
city;Grenoble;2016;NA;0;1;NA;grenoble;45.18913;5.73258
city;Grenoble;2017;NA;0;1;NA;grenoble;45.18913;5.73258
city;Grenoble;2018;NA;0;1;NA;grenoble;45.18913;5.73258
city;Grenoble;2019;NA;0;1;NA;grenoble;45.18913;5.73258
city;Grenoble;2020;NA;0;1;NA;grenoble;45.18913;5.73258
city;Grenoble;2021;NA;0;1;NA;grenoble;45.18913;5.73258
city;Guwahati (Gauhati);2003;NA;0;9;NA;guwahati (gauhati);26.22702;91.73027
city;Guwahati (Gauhati);2004;NA;0;9;NA;guwahati (gauhati);26.22702;91.73027
city;Guwahati (Gauhati);2005;NA;0;9;NA;guwahati (gauhati);26.22702;91.73027
city;Guwahati (Gauhati);2006;NA;0;9;NA;guwahati (gauhati);26.22702;91.73027
city;Guwahati (Gauhati);2007;NA;0;9;NA;guwahati (gauhati);26.22702;91.73027
city;Guwahati (Gauhati);2008;NA;0;9;NA;guwahati (gauhati);26.22702;91.73027
city;Guwahati (Gauhati);2009;NA;0;9;NA;guwahati (gauhati);26.22702;91.73027
city;Guwahati (Gauhati);2010;NA;0;9;NA;guwahati (gauhati);26.22702;91.73027
city;Guwahati (Gauhati);2011;NA;0;9;NA;guwahati (gauhati);26.22702;91.73027
city;Guwahati (Gauhati);2012;NA;0;9;NA;guwahati (gauhati);26.22702;91.73027
city;Guwahati (Gauhati);2013;NA;0;9;NA;guwahati (gauhati);26.22702;91.73027
city;Guwahati (Gauhati);2014;NA;0;9;NA;guwahati (gauhati);26.22702;91.73027
city;Guwahati (Gauhati);2015;NA;0;9;NA;guwahati (gauhati);26.22702;91.73027
city;Guwahati (Gauhati);2016;NA;0;9;NA;guwahati (gauhati);26.22702;91.73027
city;Guwahati (Gauhati);2017;50;1;9;Good;guwahati (gauhati);26.22702;91.73027
city;Guwahati (Gauhati);2018;136000;49;9;Poor;guwahati (gauhati);26.22702;91.73027
city;Guwahati (Gauhati);2019;12720;55;9;Poor;guwahati (gauhati);26.22702;91.73027
city;Guwahati (Gauhati);2020;3450;56;9;Poor;guwahati (gauhati);26.22702;91.73027
city;Guwahati (Gauhati);2021;2521;12;9;Poor;guwahati (gauhati);26.22702;91.73027
city;Harrisburg;1980;179;12;1;Good;harrisburg;40.25752;-76.89056
city;Harrisburg;1981;1292;9;1;Good;harrisburg;40.25752;-76.89056
city;Harrisburg;1982;3604;4;1;Good;harrisburg;40.25752;-76.89056
city;Harrisburg;1983;58;6;1;Good;harrisburg;40.25752;-76.89056
city;Harrisburg;1984;645;6;1;Good;harrisburg;40.25752;-76.89056
city;Harrisburg;1985;1065;6;1;Good;harrisburg;40.25752;-76.89056
city;Harrisburg;1986;1004;5;1;Good;harrisburg;40.25752;-76.89056
city;Harrisburg;1987;530;6;1;Good;harrisburg;40.25752;-76.89056
city;Harrisburg;1988;2600;6;1;Poor;harrisburg;40.25752;-76.89056
city;Harrisburg;1989;65;6;1;Good;harrisburg;40.25752;-76.89056
city;Harrisburg;1990;905;6;1;Good;harrisburg;40.25752;-76.89056
city;Harrisburg;1991;790;7;1;Good;harrisburg;40.25752;-76.89056
city;Harrisburg;1992;386;8;1;Good;harrisburg;40.25752;-76.89056
city;Harrisburg;1993;784;3;1;Good;harrisburg;40.25752;-76.89056
city;Harrisburg;1994;1788;3;1;Good;harrisburg;40.25752;-76.89056
city;Harrisburg;1995;77;4;1;Good;harrisburg;40.25752;-76.89056
city;Imphal;2018;2;1;18;Good;imphal;24.72338;93.92396
city;Imphal;2019;76;119;18;Good;imphal;24.72338;93.92396
city;Imphal;2020;1715;138;18;Good;imphal;24.72338;93.92396
city;Imphal;2021;215;26;18;Good;imphal;24.72338;93.92396
city;Ji'nan, Shandong;1980;119269;24;1;Poor;ji'nan, shandong;36.68337;116.93777
city;Ji'nan, Shandong;1981;20933;23;1;Poor;ji'nan, shandong;36.68337;116.93777
city;Ji'nan, Shandong;1982;14853;24;1;Poor;ji'nan, shandong;36.68337;116.93777
city;Ji'nan, Shandong;1983;126731;24;1;Poor;ji'nan, shandong;36.68337;116.93777
city;Ji'nan, Shandong;1984;13733;24;1;Poor;ji'nan, shandong;36.68337;116.93777
city;Ji'nan, Shandong;1985;16000;11;1;Poor;ji'nan, shandong;36.68337;116.93777
city;Ji'nan, Shandong;1986;8820;12;1;Poor;ji'nan, shandong;36.68337;116.93777
city;Ji'nan, Shandong;1987;15320;12;1;Poor;ji'nan, shandong;36.68337;116.93777
city;Ji'nan, Shandong;1988;8820;12;1;Poor;ji'nan, shandong;36.68337;116.93777
city;Ji'nan, Shandong;1989;5210;12;1;Poor;ji'nan, shandong;36.68337;116.93777
city;Ji'nan, Shandong;1990;23200;12;1;Poor;ji'nan, shandong;36.68337;116.93777
city;Ji'nan, Shandong;1991;16000;12;1;Poor;ji'nan, shandong;36.68337;116.93777
city;Ji'nan, Shandong;1992;16000;11;1;Poor;ji'nan, shandong;36.68337;116.93777
city;Ji'nan, Shandong;1994;25220;4;1;Poor;ji'nan, shandong;36.68337;116.93777
city;Ji'nan, Shandong;1995;20800;5;1;Poor;ji'nan, shandong;36.68337;116.93777
city;Ji'nan, Shandong;1996;240000;4;1;Poor;ji'nan, shandong;36.68337;116.93777
city;Karur;2019;56;7;1;Good;karur;10.96099;78.07319
city;Karur;2020;52;9;1;Good;karur;10.96099;78.07319
city;Karur;2021;2;1;1;Good;karur;10.96099;78.07319
city;Kenitra;1994;20100;4;1;Poor;kenitra;34.26837;-6.57673
city;Kenitra;1995;110000;9;1;Poor;kenitra;34.26837;-6.57673
city;Kenitra;1996;2400;4;1;Poor;kenitra;34.26837;-6.57673
city;Kenitra;1997;36600;10;1;Poor;kenitra;34.26837;-6.57673
city;Kenitra;1998;4600;10;1;Poor;kenitra;34.26837;-6.57673
city;Kenitra;1999;52400;10;1;Poor;kenitra;34.26837;-6.57673
city;Kenitra;2000;240000;11;1;Poor;kenitra;34.26837;-6.57673
city;Kenitra;2001;15600;8;1;Poor;kenitra;34.26837;-6.57673
city;Kenitra;2002;618000;8;1;Poor;kenitra;34.26837;-6.57673
city;Kenitra;2003;75600;5;1;Poor;kenitra;34.26837;-6.57673
city;Kenitra;2004;46000;7;1;Poor;kenitra;34.26837;-6.57673
city;Kenitra;2005;32600;10;1;Poor;kenitra;34.26837;-6.57673
city;Kenitra;2006;46000;6;1;Poor;kenitra;34.26837;-6.57673
city;Kenitra;2007;103600;12;1;Poor;kenitra;34.26837;-6.57673
city;Kenitra;2008;103600;12;1;Poor;kenitra;34.26837;-6.57673
city;Kenitra;2009;46000;11;1;Poor;kenitra;34.26837;-6.57673
city;Kenitra;2010;24000;11;1;Poor;kenitra;34.26837;-6.57673
city;Kenitra;2011;103600;12;1;Poor;kenitra;34.26837;-6.57673
city;Kenitra;2012;43800;12;1;Poor;kenitra;34.26837;-6.57673
city;Khammam;2018;8E+14;19;2;Good;khammam;17.24985;80.15687
city;Khammam;2019;10;24;2;Good;khammam;17.24985;80.15687
city;Khammam;2020;4;12;2;Good;khammam;17.24985;80.15687
city;Khammam;2021;2;1;2;Good;khammam;17.24985;80.15687
city;Kigali;2012;NA;0;4;NA;kigali;-1.94833;30.08712
city;Kinshasa;1984;NA;0;1;NA;kinshasa;-4.34307;15.29798
city;Kolhapur;2018;14;11;1;Good;kolhapur;16.70817;74.24326
city;Kolhapur;2019;192;12;1;Good;kolhapur;16.70817;74.24326
city;Kolhapur;2021;608;3;1;Good;kolhapur;16.70817;74.24326
city;Koln (Cologne);2019;NA;0;2;NA;koln (cologne);50.95363;6.95506
city;Koln (Cologne);2020;NA;0;2;NA;koln (cologne);50.95363;6.95506
city;Koln (Cologne);2021;NA;0;2;NA;koln (cologne);50.95363;6.95506
city;La Serena Coquimbo;1990;NA;0;2;NA;la serena coquimbo;-29.93979;-71.2764
city;La Serena Coquimbo;1991;NA;0;2;NA;la serena coquimbo;-29.93979;-71.2764
city;La Serena Coquimbo;1992;NA;0;2;NA;la serena coquimbo;-29.93979;-71.2764
city;La Serena Coquimbo;1993;NA;0;2;NA;la serena coquimbo;-29.93979;-71.2764
city;La Serena Coquimbo;1994;NA;0;2;NA;la serena coquimbo;-29.93979;-71.2764
city;La Serena Coquimbo;1995;NA;0;2;NA;la serena coquimbo;-29.93979;-71.2764
city;La Serena Coquimbo;1996;NA;0;2;NA;la serena coquimbo;-29.93979;-71.2764
city;La Serena Coquimbo;1997;NA;0;2;NA;la serena coquimbo;-29.93979;-71.2764
city;La Serena Coquimbo;1998;NA;0;2;NA;la serena coquimbo;-29.93979;-71.2764
city;La Serena Coquimbo;1999;NA;0;2;NA;la serena coquimbo;-29.93979;-71.2764
city;La Serena Coquimbo;2000;NA;0;2;NA;la serena coquimbo;-29.93979;-71.2764
city;La Serena Coquimbo;2001;NA;0;2;NA;la serena coquimbo;-29.93979;-71.2764
city;La Serena Coquimbo;2002;NA;0;2;NA;la serena coquimbo;-29.93979;-71.2764
city;La Serena Coquimbo;2003;NA;0;2;NA;la serena coquimbo;-29.93979;-71.2764
city;La Serena Coquimbo;2004;NA;0;2;NA;la serena coquimbo;-29.93979;-71.2764
city;La Serena Coquimbo;2005;NA;0;2;NA;la serena coquimbo;-29.93979;-71.2764
city;La Serena Coquimbo;2006;NA;0;2;NA;la serena coquimbo;-29.93979;-71.2764
city;La Serena Coquimbo;2007;NA;0;2;NA;la serena coquimbo;-29.93979;-71.2764
city;La Serena Coquimbo;2008;NA;0;2;NA;la serena coquimbo;-29.93979;-71.2764
city;La Serena Coquimbo;2009;NA;0;2;NA;la serena coquimbo;-29.93979;-71.2764
city;La Serena Coquimbo;2010;NA;0;2;NA;la serena coquimbo;-29.93979;-71.2764
city;La Serena Coquimbo;2011;NA;0;2;NA;la serena coquimbo;-29.93979;-71.2764
city;La Serena Coquimbo;2012;NA;0;2;NA;la serena coquimbo;-29.93979;-71.2764
city;La Serena Coquimbo;2013;NA;0;2;NA;la serena coquimbo;-29.93979;-71.2764
city;La Serena Coquimbo;2014;NA;0;2;NA;la serena coquimbo;-29.93979;-71.2764
city;La Serena Coquimbo;2015;NA;0;2;NA;la serena coquimbo;-29.93979;-71.2764
city;La Serena Coquimbo;2016;NA;0;2;NA;la serena coquimbo;-29.93979;-71.2764
city;La Serena Coquimbo;2017;NA;0;2;NA;la serena coquimbo;-29.93979;-71.2764
city;La Serena Coquimbo;2018;NA;0;2;NA;la serena coquimbo;-29.93979;-71.2764
city;Liege;2001;NA;0;2;NA;liege;50.63031;5.54724
city;Liege;2002;NA;0;2;NA;liege;50.63031;5.54724
city;Liege;2003;NA;0;2;NA;liege;50.63031;5.54724
city;Lyon;1980;3670;12;2;Poor;lyon;45.75441;4.85834
city;Lyon;1981;3700;12;2;Poor;lyon;45.75441;4.85834
city;Lyon;1982;2745;12;2;Poor;lyon;45.75441;4.85834
city;Lyon;1983;2070;12;2;Poor;lyon;45.75441;4.85834
city;Lyon;1984;2270;12;2;Poor;lyon;45.75441;4.85834
city;Lyon;1985;2160;12;2;Poor;lyon;45.75441;4.85834
city;Lyon;1986;4830;12;2;Poor;lyon;45.75441;4.85834
city;Lyon;1987;NA;0;2;NA;lyon;45.75441;4.85834
city;Lyon;1988;3380;24;2;Poor;lyon;45.75441;4.85834
city;Lyon;1989;5550;20;2;Poor;lyon;45.75441;4.85834
city;Lyon;1990;3970;20;2;Poor;lyon;45.75441;4.85834
city;Lyon;1991;3050;20;2;Poor;lyon;45.75441;4.85834
city;Lyon;1992;NA;0;2;NA;lyon;45.75441;4.85834
city;Lyon;1993;NA;0;2;NA;lyon;45.75441;4.85834
city;Lyon;1994;NA;0;2;NA;lyon;45.75441;4.85834
city;Lyon;1995;NA;0;2;NA;lyon;45.75441;4.85834
city;Manaus;1993;0;1;1;Good;manaus;-3.11643;-59.99617
city;Manaus;1997;NA;0;1;NA;manaus;-3.11643;-59.99617
city;McAllen;2012;2140;13;8;Poor;mcallen;26.13418;-98.24594
city;McAllen;2013;2400;43;8;Poor;mcallen;26.13418;-98.24594
city;McAllen;2014;24000;41;8;Poor;mcallen;26.13418;-98.24594
city;McAllen;2015;24000;40;8;Poor;mcallen;26.13418;-98.24594
city;McAllen;2016;24196;48;8;Poor;mcallen;26.13418;-98.24594
city;McAllen;2017;24000;47;8;Poor;mcallen;26.13418;-98.24594
city;McAllen;2018;24000;48;8;Poor;mcallen;26.13418;-98.24594
city;McAllen;2019;24000;6;8;Poor;mcallen;26.13418;-98.24594
city;McAllen;2020;2400;8;8;Poor;mcallen;26.13418;-98.24594
city;Meerut;2018;NA;0;1;NA;meerut;28.99859;77.71735
city;Meerut;2019;NA;0;1;NA;meerut;28.99859;77.71735
city;Meerut;2020;120000;1;1;Poor;meerut;28.99859;77.71735
city;Meerut;2021;120000;2;1;Poor;meerut;28.99859;77.71735
city;Melbourne;1980;NA;0;1;NA;melbourne;-37.84537;145.08584
city;Melbourne;1981;NA;0;1;NA;melbourne;-37.84537;145.08584
city;Melbourne;1982;NA;0;1;NA;melbourne;-37.84537;145.08584
city;Melbourne;1983;NA;0;1;NA;melbourne;-37.84537;145.08584
city;Melbourne;1984;NA;0;1;NA;melbourne;-37.84537;145.08584
city;Melbourne;1985;NA;0;1;NA;melbourne;-37.84537;145.08584
city;Melbourne;1986;NA;0;1;NA;melbourne;-37.84537;145.08584
city;Melbourne;1987;NA;0;1;NA;melbourne;-37.84537;145.08584
city;Minatitlan;2012;1620;2;3;Good;minatitlan;17.98398;-94.53777
city;Minatitlan;2013;2400;24;3;Poor;minatitlan;17.98398;-94.53777
city;Minatitlan;2014;14900;18;3;Poor;minatitlan;17.98398;-94.53777
city;Minatitlan;2015;162979;18;3;Poor;minatitlan;17.98398;-94.53777
city;Minatitlan;2016;14900;18;3;Poor;minatitlan;17.98398;-94.53777
city;Minatitlan;2017;29131;18;3;Poor;minatitlan;17.98398;-94.53777
city;Minatitlan;2018;24196;18;3;Poor;minatitlan;17.98398;-94.53777
city;Minatitlan;2019;20785;6;3;Poor;minatitlan;17.98398;-94.53777
city;Minatitlan;2020;15184;3;3;Good;minatitlan;17.98398;-94.53777
city;Montreal;1980;NA;0;1;NA;montreal;45.49112;-73.67112
city;Montreal;1981;NA;0;1;NA;montreal;45.49112;-73.67112
city;Montreal;1982;NA;0;1;NA;montreal;45.49112;-73.67112
city;Montreal;1983;NA;0;1;NA;montreal;45.49112;-73.67112
city;Montreal;1984;NA;0;1;NA;montreal;45.49112;-73.67112
city;Montreal;1985;NA;0;1;NA;montreal;45.49112;-73.67112
city;Montreal;1986;NA;0;1;NA;montreal;45.49112;-73.67112
city;Montreal;1987;NA;0;1;NA;montreal;45.49112;-73.67112
city;Montreal;1988;NA;0;1;NA;montreal;45.49112;-73.67112
city;Morelia;2012;NA;0;1;NA;morelia;19.7071;-101.19865
city;Morelia;2013;2400;6;1;Poor;morelia;19.7071;-101.19865
city;Morelia;2014;24000;6;1;Poor;morelia;19.7071;-101.19865
city;Morelia;2015;24000;6;1;Poor;morelia;19.7071;-101.19865
city;Morelia;2016;24098;6;1;Poor;morelia;19.7071;-101.19865
city;Morelia;2017;24000;6;1;Poor;morelia;19.7071;-101.19865
city;Morelia;2018;24000;6;1;Poor;morelia;19.7071;-101.19865
city;Morelia;2019;220164;2;1;Poor;morelia;19.7071;-101.19865
city;Morelia;2020;24000;1;1;Poor;morelia;19.7071;-101.19865
city;Muzaffarpur;2000;NA;0;4;NA;muzaffarpur;26.13533;85.372
city;Muzaffarpur;2001;NA;0;4;NA;muzaffarpur;26.13533;85.372
city;Muzaffarpur;2005;NA;0;4;NA;muzaffarpur;26.13533;85.372
city;Muzaffarpur;2006;NA;0;4;NA;muzaffarpur;26.13533;85.372
city;Muzaffarpur;2007;NA;0;4;NA;muzaffarpur;26.13533;85.372
city;Muzaffarpur;2008;NA;0;4;NA;muzaffarpur;26.13533;85.372
city;Muzaffarpur;2009;NA;0;4;NA;muzaffarpur;26.13533;85.372
city;Muzaffarpur;2010;NA;0;4;NA;muzaffarpur;26.13533;85.372
city;Muzaffarpur;2011;NA;0;4;NA;muzaffarpur;26.13533;85.372
city;Muzaffarpur;2012;NA;0;4;NA;muzaffarpur;26.13533;85.372
city;Muzaffarpur;2013;NA;0;4;NA;muzaffarpur;26.13533;85.372
city;Muzaffarpur;2014;NA;0;4;NA;muzaffarpur;26.13533;85.372
city;Muzaffarpur;2015;NA;0;4;NA;muzaffarpur;26.13533;85.372
city;Muzaffarpur;2016;NA;0;4;NA;muzaffarpur;26.13533;85.372
city;Muzaffarpur;2017;NA;0;4;NA;muzaffarpur;26.13533;85.372
city;Muzaffarpur;2018;7000;31;4;Poor;muzaffarpur;26.13533;85.372
city;Muzaffarpur;2019;28000;31;4;Poor;muzaffarpur;26.13533;85.372
city;Muzaffarpur;2020;40700;28;4;Poor;muzaffarpur;26.13533;85.372
city;Muzaffarpur;2021;160000;9;4;Poor;muzaffarpur;26.13533;85.372
city;Mymensingh;1980;2200;3;1;Poor;mymensingh;24.77787;90.32313
city;Mymensingh;1981;4464;3;1;Poor;mymensingh;24.77787;90.32313
city;Mymensingh;1982;3840;5;1;Poor;mymensingh;24.77787;90.32313
city;Mymensingh;1983;NA;0;1;NA;mymensingh;24.77787;90.32313
city;Mymensingh;1984;NA;0;1;NA;mymensingh;24.77787;90.32313
city;Mymensingh;1985;NA;0;1;NA;mymensingh;24.77787;90.32313
city;Mymensingh;1994;NA;0;1;NA;mymensingh;24.77787;90.32313
city;Nanded Waghala;2016;16000;1;1;Poor;nanded waghala;19.1569;77.32163
city;Nanded Waghala;2021;9000;1;1;Poor;nanded waghala;19.1569;77.32163
city;Nellore;1980;0;4;2;Good;nellore;14.45595;79.99731
city;Nellore;1981;6972;5;2;Good;nellore;14.45595;79.99731
city;Nellore;1982;651;8;2;Good;nellore;14.45595;79.99731
city;Nellore;1983;65;6;2;Good;nellore;14.45595;79.99731
city;Nellore;1984;88;12;2;Good;nellore;14.45595;79.99731
city;Nellore;1985;96;8;2;Good;nellore;14.45595;79.99731
city;Nellore;1986;11;1;2;Good;nellore;14.45595;79.99731
city;Nellore;1989;NA;0;2;NA;nellore;14.45595;79.99731
city;Nellore;1990;0;6;2;Good;nellore;14.45595;79.99731
city;Nellore;1991;0;1;2;Good;nellore;14.45595;79.99731
city;Nellore;1992;NA;0;2;NA;nellore;14.45595;79.99731
city;Nellore;1993;NA;0;2;NA;nellore;14.45595;79.99731
city;Nellore;1995;NA;0;2;NA;nellore;14.45595;79.99731
city;Nellore;1996;0;2;2;Good;nellore;14.45595;79.99731
city;Nellore;1997;NA;0;2;NA;nellore;14.45595;79.99731
city;Nellore;1998;NA;0;2;NA;nellore;14.45595;79.99731
city;Nellore;1999;NA;0;2;NA;nellore;14.45595;79.99731
city;Nellore;2000;NA;0;2;NA;nellore;14.45595;79.99731
city;Nellore;2001;0;1;2;Good;nellore;14.45595;79.99731
city;Nellore;2002;NA;0;2;NA;nellore;14.45595;79.99731
city;Nellore;2003;NA;0;2;NA;nellore;14.45595;79.99731
city;Nellore;2004;3;2;2;Good;nellore;14.45595;79.99731
city;Nellore;2005;288;2;2;Good;nellore;14.45595;79.99731
city;Nellore;2006;7688;3;2;Good;nellore;14.45595;79.99731
city;Nellore;2007;104;4;2;Good;nellore;14.45595;79.99731
city;Nellore;2008;110;4;2;Good;nellore;14.45595;79.99731
city;Nellore;2009;NA;0;2;NA;nellore;14.45595;79.99731
city;Nellore;2010;NA;0;2;NA;nellore;14.45595;79.99731
city;Nellore;2011;NA;0;2;NA;nellore;14.45595;79.99731
city;Nellore;2012;NA;0;2;NA;nellore;14.45595;79.99731
city;Nellore;2013;NA;0;2;NA;nellore;14.45595;79.99731
city;Nellore;2014;NA;0;2;NA;nellore;14.45595;79.99731
city;Nellore;2015;NA;0;2;NA;nellore;14.45595;79.99731
city;Nellore;2016;NA;0;2;NA;nellore;14.45595;79.99731
city;Nellore;2017;NA;0;2;NA;nellore;14.45595;79.99731
city;Nellore;2019;NA;0;2;NA;nellore;14.45595;79.99731
city;Neuquén-Plottier-Cipolletti;2019;NA;0;1;NA;neuquen-plottier-cipolletti;-38.96066;-68.09109
city;Neuquén-Plottier-Cipolletti;2020;NA;0;1;NA;neuquen-plottier-cipolletti;-38.96066;-68.09109
city;Neuquén-Plottier-Cipolletti;2021;NA;0;1;NA;neuquen-plottier-cipolletti;-38.96066;-68.09109
city;Neuquén-Plottier-Cipolletti;2022;NA;0;1;NA;neuquen-plottier-cipolletti;-38.96066;-68.09109
city;Nottingham;1980;NA;0;1;NA;nottingham;52.9456;-1.18986
city;Nottingham;1981;NA;0;1;NA;nottingham;52.9456;-1.18986
city;Nottingham;1982;NA;0;1;NA;nottingham;52.9456;-1.18986
city;Nottingham;1983;NA;0;1;NA;nottingham;52.9456;-1.18986
city;Nottingham;1984;NA;0;1;NA;nottingham;52.9456;-1.18986
city;Nottingham;1985;NA;0;1;NA;nottingham;52.9456;-1.18986
city;Nottingham;1986;NA;0;1;NA;nottingham;52.9456;-1.18986
city;Nottingham;1987;NA;0;1;NA;nottingham;52.9456;-1.18986
city;Nottingham;1988;NA;0;1;NA;nottingham;52.9456;-1.18986
city;Nottingham;1989;8000;1;1;Poor;nottingham;52.9456;-1.18986
city;Nottingham;1990;1500;1;1;Good;nottingham;52.9456;-1.18986
city;Nottingham;1991;3360;4;1;Poor;nottingham;52.9456;-1.18986
city;Nottingham;1992;2940;4;1;Poor;nottingham;52.9456;-1.18986
city;Nottingham;1993;38270;4;1;Poor;nottingham;52.9456;-1.18986
city;Nottingham;1994;2880;4;1;Poor;nottingham;52.9456;-1.18986
city;Nottingham;1995;7890;4;1;Poor;nottingham;52.9456;-1.18986
city;Nottingham;1996;NA;0;1;NA;nottingham;52.9456;-1.18986
city;Nottingham;1997;NA;0;1;NA;nottingham;52.9456;-1.18986
city;Nottingham;1998;27308;12;1;Poor;nottingham;52.9456;-1.18986
city;Nottingham;1999;21000;1;1;Poor;nottingham;52.9456;-1.18986
city;Nottingham;2000;3060;13;1;Poor;nottingham;52.9456;-1.18986
city;Nottingham;2001;12950;12;1;Poor;nottingham;52.9456;-1.18986
city;Nottingham;2002;6090;12;1;Poor;nottingham;52.9456;-1.18986
city;Nottingham;2003;6707;12;1;Poor;nottingham;52.9456;-1.18986
city;Nottingham;2004;6750;11;1;Poor;nottingham;52.9456;-1.18986
city;Nottingham;2005;7100;11;1;Poor;nottingham;52.9456;-1.18986
city;Oaxaca de Juarez;2012;2400;24;12;Poor;oaxaca de juarez;17.06654;-96.73314
city;Oaxaca de Juarez;2013;4600;47;12;Poor;oaxaca de juarez;17.06654;-96.73314
city;Oaxaca de Juarez;2014;24000;45;12;Poor;oaxaca de juarez;17.06654;-96.73314
city;Oaxaca de Juarez;2015;24000;48;12;Poor;oaxaca de juarez;17.06654;-96.73314
city;Oaxaca de Juarez;2016;24000;66;12;Poor;oaxaca de juarez;17.06654;-96.73314
city;Oaxaca de Juarez;2017;24000;72;12;Poor;oaxaca de juarez;17.06654;-96.73314
city;Oaxaca de Juarez;2018;24000;72;12;Poor;oaxaca de juarez;17.06654;-96.73314
city;Oaxaca de Juarez;2019;24000;12;12;Poor;oaxaca de juarez;17.06654;-96.73314
city;Oaxaca de Juarez;2020;24000;12;12;Poor;oaxaca de juarez;17.06654;-96.73314
city;Oaxaca de Juarez;2021;24000;8;12;Poor;oaxaca de juarez;17.06654;-96.73314
city;Palembang;1980;210000;7;2;Poor;palembang;-2.96965;104.74679
city;Palembang;1981;91200;2;2;Poor;palembang;-2.96965;104.74679
city;Palembang;1986;5840;12;2;Poor;palembang;-2.96965;104.74679
city;Palembang;1987;5480;12;2;Poor;palembang;-2.96965;104.74679
city;Palembang;1988;61912;10;2;Poor;palembang;-2.96965;104.74679
city;Palembang;1989;47250;8;2;Poor;palembang;-2.96965;104.74679
city;Palembang;1990;27500;2;2;Poor;palembang;-2.96965;104.74679
city;Palembang;1991;7096;3;2;Poor;palembang;-2.96965;104.74679
city;Palembang;1992;NA;0;2;NA;palembang;-2.96965;104.74679
city;Palembang;1993;NA;0;2;NA;palembang;-2.96965;104.74679
city;Paris;1980;58000;11;4;Poor;paris;48.84683;2.31329
city;Paris;1981;57900;12;4;Poor;paris;48.84683;2.31329
city;Paris;1982;49900;12;4;Poor;paris;48.84683;2.31329
city;Paris;1983;87700;12;4;Poor;paris;48.84683;2.31329
city;Paris;1984;54900;12;4;Poor;paris;48.84683;2.31329
city;Paris;1985;94700;10;4;Poor;paris;48.84683;2.31329
city;Paris;1986;260000;9;4;Poor;paris;48.84683;2.31329
city;Paris;1987;601000;8;4;Poor;paris;48.84683;2.31329
city;Paris;1988;NA;0;4;NA;paris;48.84683;2.31329
city;Paris;1989;1100000;10;4;Poor;paris;48.84683;2.31329
city;Paris;1990;588000;9;4;Poor;paris;48.84683;2.31329
city;Paris;1991;306000;8;4;Poor;paris;48.84683;2.31329
city;Paris;1992;NA;0;4;NA;paris;48.84683;2.31329
city;Paris;1993;NA;0;4;NA;paris;48.84683;2.31329
city;Paris;1994;NA;0;4;NA;paris;48.84683;2.31329
city;Paris;1995;NA;0;4;NA;paris;48.84683;2.31329
city;Paris;1996;NA;0;4;NA;paris;48.84683;2.31329
city;Paris;2006;NA;0;4;NA;paris;48.84683;2.31329
city;Paris;2007;NA;0;4;NA;paris;48.84683;2.31329
city;Paris;2008;NA;0;4;NA;paris;48.84683;2.31329
city;Paris;2009;NA;0;4;NA;paris;48.84683;2.31329
city;Paris;2010;NA;0;4;NA;paris;48.84683;2.31329
city;Paris;2011;NA;0;4;NA;paris;48.84683;2.31329
city;Paris;2012;NA;0;4;NA;paris;48.84683;2.31329
city;Paris;2013;NA;0;4;NA;paris;48.84683;2.31329
city;Paris;2014;NA;0;4;NA;paris;48.84683;2.31329
city;Paris;2015;NA;0;4;NA;paris;48.84683;2.31329
city;Paris;2016;NA;0;4;NA;paris;48.84683;2.31329
city;Paris;2017;NA;0;4;NA;paris;48.84683;2.31329
city;Paris;2018;NA;0;4;NA;paris;48.84683;2.31329
city;Paris;2019;NA;0;4;NA;paris;48.84683;2.31329
city;Paris;2021;NA;0;4;NA;paris;48.84683;2.31329
city;Patna;1986;NA;0;13;NA;patna;25.58727;85.15155
city;Patna;1987;NA;0;13;NA;patna;25.58727;85.15155
city;Patna;1988;NA;0;13;NA;patna;25.58727;85.15155
city;Patna;1989;NA;0;13;NA;patna;25.58727;85.15155
city;Patna;1990;NA;0;13;NA;patna;25.58727;85.15155
city;Patna;1991;NA;0;13;NA;patna;25.58727;85.15155
city;Patna;1992;NA;0;13;NA;patna;25.58727;85.15155
city;Patna;1993;NA;0;13;NA;patna;25.58727;85.15155
city;Patna;1994;NA;0;13;NA;patna;25.58727;85.15155
city;Patna;1995;NA;0;13;NA;patna;25.58727;85.15155
city;Patna;1996;NA;0;13;NA;patna;25.58727;85.15155
city;Patna;1997;NA;0;13;NA;patna;25.58727;85.15155
city;Patna;1998;NA;0;13;NA;patna;25.58727;85.15155
city;Patna;1999;NA;0;13;NA;patna;25.58727;85.15155
city;Patna;2000;NA;0;13;NA;patna;25.58727;85.15155
city;Patna;2001;NA;0;13;NA;patna;25.58727;85.15155
city;Patna;2002;NA;0;13;NA;patna;25.58727;85.15155
city;Patna;2003;NA;0;13;NA;patna;25.58727;85.15155
city;Patna;2004;NA;0;13;NA;patna;25.58727;85.15155
city;Patna;2005;NA;0;13;NA;patna;25.58727;85.15155
city;Patna;2006;NA;0;13;NA;patna;25.58727;85.15155
city;Patna;2007;NA;0;13;NA;patna;25.58727;85.15155
city;Patna;2008;NA;0;13;NA;patna;25.58727;85.15155
city;Patna;2009;NA;0;13;NA;patna;25.58727;85.15155
city;Patna;2010;NA;0;13;NA;patna;25.58727;85.15155
city;Patna;2011;NA;0;13;NA;patna;25.58727;85.15155
city;Patna;2012;NA;0;13;NA;patna;25.58727;85.15155
city;Patna;2013;NA;0;13;NA;patna;25.58727;85.15155
city;Patna;2014;NA;0;13;NA;patna;25.58727;85.15155
city;Patna;2015;NA;0;13;NA;patna;25.58727;85.15155
city;Patna;2016;NA;0;13;NA;patna;25.58727;85.15155
city;Patna;2017;NA;0;13;NA;patna;25.58727;85.15155
city;Patna;2018;11000;123;13;Poor;patna;25.58727;85.15155
city;Patna;2019;17000;100;13;Poor;patna;25.58727;85.15155
city;Patna;2020;160000;145;13;Poor;patna;25.58727;85.15155
city;Patna;2021;160000;50;13;Poor;patna;25.58727;85.15155
city;Petrolina;2004;NA;0;1;NA;petrolina;-9.40249;-40.49983
city;Phnum Penh;1993;NA;0;2;NA;phnum penh;11.57982;105.12175
city;Phnum Penh;1994;NA;0;2;NA;phnum penh;11.57982;105.12175
city;Phnum Penh;1995;NA;0;2;NA;phnum penh;11.57982;105.12175
city;Phnum Penh;2000;NA;0;2;NA;phnum penh;11.57982;105.12175
city;Phnum Penh;2001;NA;0;2;NA;phnum penh;11.57982;105.12175
city;Phnum Penh;2002;NA;0;2;NA;phnum penh;11.57982;105.12175
city;Phnum Penh;2003;NA;0;2;NA;phnum penh;11.57982;105.12175
city;Phnum Penh;2004;NA;0;2;NA;phnum penh;11.57982;105.12175
city;Phnum Penh;2005;NA;0;2;NA;phnum penh;11.57982;105.12175
city;Phnum Penh;2006;NA;0;2;NA;phnum penh;11.57982;105.12175
city;Phnum Penh;2007;NA;0;2;NA;phnum penh;11.57982;105.12175
city;Phnum Penh;2008;NA;0;2;NA;phnum penh;11.57982;105.12175
city;Porto Velho;1980;NA;0;2;NA;porto velho;-8.73004;-63.89876
city;Porto Velho;1981;NA;0;2;NA;porto velho;-8.73004;-63.89876
city;Porto Velho;1982;NA;0;2;NA;porto velho;-8.73004;-63.89876
city;Porto Velho;1983;NA;0;2;NA;porto velho;-8.73004;-63.89876
city;Porto Velho;1984;NA;0;2;NA;porto velho;-8.73004;-63.89876
city;Porto Velho;1985;NA;0;2;NA;porto velho;-8.73004;-63.89876
city;Porto Velho;1993;0;4;2;Good;porto velho;-8.73004;-63.89876
city;Porto Velho;1994;0;3;2;Good;porto velho;-8.73004;-63.89876
city;Porto Velho;1995;0;2;2;Good;porto velho;-8.73004;-63.89876
city;Porto Velho;1997;NA;0;2;NA;porto velho;-8.73004;-63.89876
city;Porto Velho;1998;NA;0;2;NA;porto velho;-8.73004;-63.89876
city;Porto Velho;1999;NA;0;2;NA;porto velho;-8.73004;-63.89876
city;Porto Velho;2001;NA;0;2;NA;porto velho;-8.73004;-63.89876
city;Porto Velho;2002;NA;0;2;NA;porto velho;-8.73004;-63.89876
city;Porto Velho;2003;NA;0;2;NA;porto velho;-8.73004;-63.89876
city;Porto Velho;2004;NA;0;2;NA;porto velho;-8.73004;-63.89876
city;Porto Velho;2005;NA;0;2;NA;porto velho;-8.73004;-63.89876
city;Porto Velho;2006;NA;0;2;NA;porto velho;-8.73004;-63.89876
city;Porto Velho;2007;NA;0;2;NA;porto velho;-8.73004;-63.89876
city;Porto Velho;2008;NA;0;2;NA;porto velho;-8.73004;-63.89876
city;Porto Velho;2009;NA;0;2;NA;porto velho;-8.73004;-63.89876
city;Porto Velho;2010;NA;0;2;NA;porto velho;-8.73004;-63.89876
city;Porto Velho;2011;NA;0;2;NA;porto velho;-8.73004;-63.89876
city;Porto Velho;2012;NA;0;2;NA;porto velho;-8.73004;-63.89876
city;Porto Velho;2013;NA;0;2;NA;porto velho;-8.73004;-63.89876
city;Puebla;2012;2400;36;20;Poor;puebla;19.07391;-98.22698
city;Puebla;2013;6,7E+14;72;20;Poor;puebla;19.07391;-98.22698
city;Puebla;2014;24000;78;20;Poor;puebla;19.07391;-98.22698
city;Puebla;2015;24000;78;20;Poor;puebla;19.07391;-98.22698
city;Puebla;2016;24000;102;20;Poor;puebla;19.07391;-98.22698
city;Puebla;2017;24000;102;20;Poor;puebla;19.07391;-98.22698
city;Puebla;2018;24000;101;20;Poor;puebla;19.07391;-98.22698
city;Puebla;2019;241960;34;20;Poor;puebla;19.07391;-98.22698
city;Puebla;2020;24000;17;20;Poor;puebla;19.07391;-98.22698
city;Puebla;2021;24000;14;20;Poor;puebla;19.07391;-98.22698
city;Puerto Alegre;1985;NA;0;3;NA;puerto alegre;-30.07275;-51.17693
city;Puerto Alegre;1986;NA;0;3;NA;puerto alegre;-30.07275;-51.17693
city;Puerto Alegre;1987;NA;0;3;NA;puerto alegre;-30.07275;-51.17693
city;Puerto Alegre;1988;NA;0;3;NA;puerto alegre;-30.07275;-51.17693
city;Puerto Alegre;2004;NA;0;3;NA;puerto alegre;-30.07275;-51.17693
city;Quebec;2012;NA;0;1;NA;quebec;46.81642;-71.25193
city;Quebec;2013;NA;0;1;NA;quebec;46.81642;-71.25193
city;Quebec;2014;NA;0;1;NA;quebec;46.81642;-71.25193
city;Quebec;2015;NA;0;1;NA;quebec;46.81642;-71.25193
city;Quebec;2016;NA;0;1;NA;quebec;46.81642;-71.25193
city;Quebec;2017;NA;0;1;NA;quebec;46.81642;-71.25193
city;Quebec;2018;NA;0;1;NA;quebec;46.81642;-71.25193
city;Quebec;2019;NA;0;1;NA;quebec;46.81642;-71.25193
city;Queretaro;2012;24196;2;3;Poor;queretaro;20.60027;-100.41385
city;Queretaro;2013;24196;14;3;Poor;queretaro;20.60027;-100.41385
city;Queretaro;2014;2201836;12;3;Poor;queretaro;20.60027;-100.41385
city;Queretaro;2015;241960;12;3;Poor;queretaro;20.60027;-100.41385
city;Queretaro;2016;241960;12;3;Poor;queretaro;20.60027;-100.41385
city;Queretaro;2017;2419600;15;3;Poor;queretaro;20.60027;-100.41385
city;Queretaro;2018;4,83232E+14;18;3;Poor;queretaro;20.60027;-100.41385
city;Queretaro;2019;24196000;3;3;Poor;queretaro;20.60027;-100.41385
city;Queretaro;2020;1984072;3;3;Poor;queretaro;20.60027;-100.41385
city;Rajahmundry;2001;NA;0;6;NA;rajahmundry;17.00129;81.77432
city;Rajahmundry;2002;2436;8;6;Poor;rajahmundry;17.00129;81.77432
city;Rajahmundry;2003;1235;12;6;Good;rajahmundry;17.00129;81.77432
city;Rajahmundry;2004;130;8;6;Good;rajahmundry;17.00129;81.77432
city;Rajahmundry;2005;5000;7;6;Poor;rajahmundry;17.00129;81.77432
city;Rajahmundry;2006;5000;16;6;Poor;rajahmundry;17.00129;81.77432
city;Rajahmundry;2007;1800;15;6;Good;rajahmundry;17.00129;81.77432
city;Rajahmundry;2008;700;16;6;Good;rajahmundry;17.00129;81.77432
city;Rajahmundry;2018;22;36;6;Good;rajahmundry;17.00129;81.77432
city;Rajahmundry;2019;15;36;6;Good;rajahmundry;17.00129;81.77432
city;Rajahmundry;2020;18;36;6;Good;rajahmundry;17.00129;81.77432
city;Rajahmundry;2021;23;9;6;Good;rajahmundry;17.00129;81.77432
city;Ranipet;1995;NA;0;1;NA;ranipet;12.93671;79.30961
city;Ranipet;1996;NA;0;1;NA;ranipet;12.93671;79.30961
city;Ranipet;1997;NA;0;1;NA;ranipet;12.93671;79.30961
city;Ranipet;1998;NA;0;1;NA;ranipet;12.93671;79.30961
city;Ranipet;1999;NA;0;1;NA;ranipet;12.93671;79.30961
city;Ranipet;2005;NA;0;1;NA;ranipet;12.93671;79.30961
city;Ranipet;2006;NA;0;1;NA;ranipet;12.93671;79.30961
city;Ranipet;2007;NA;0;1;NA;ranipet;12.93671;79.30961
city;Ranipet;2008;NA;0;1;NA;ranipet;12.93671;79.30961
city;Ranipet;2010;NA;0;1;NA;ranipet;12.93671;79.30961
city;Ranipet;2011;NA;0;1;NA;ranipet;12.93671;79.30961
city;Ranipet;2015;NA;0;1;NA;ranipet;12.93671;79.30961
city;Ranipet;2016;NA;0;1;NA;ranipet;12.93671;79.30961
city;Ranipet;2017;NA;0;1;NA;ranipet;12.93671;79.30961
city;Ranipet;2018;NA;0;1;NA;ranipet;12.93671;79.30961
city;Ranipet;2019;NA;0;1;NA;ranipet;12.93671;79.30961
city;Ranipet;2020;NA;0;1;NA;ranipet;12.93671;79.30961
city;Ranipet;2021;NA;0;1;NA;ranipet;12.93671;79.30961
city;Roma;1990;1026000;7;7;Poor;roma;41.89501;12.53195
city;Roma;1991;110000;5;7;Poor;roma;41.89501;12.53195
city;Roma;1992;110000;4;7;Poor;roma;41.89501;12.53195
city;Roma;2007;NA;0;7;NA;roma;41.89501;12.53195
city;Roma;2008;NA;0;7;NA;roma;41.89501;12.53195
city;Roma;2009;NA;0;7;NA;roma;41.89501;12.53195
city;Roma;2010;NA;0;7;NA;roma;41.89501;12.53195
city;Roma;2011;NA;0;7;NA;roma;41.89501;12.53195
city;Roma;2017;NA;0;7;NA;roma;41.89501;12.53195
city;Roma;2018;NA;0;7;NA;roma;41.89501;12.53195
city;Roma;2019;NA;0;7;NA;roma;41.89501;12.53195
city;Roma;2020;NA;0;7;NA;roma;41.89501;12.53195
city;Roma;2021;NA;0;7;NA;roma;41.89501;12.53195
city;Roma;2022;NA;0;7;NA;roma;41.89501;12.53195
city;Rosario;1980;NA;0;1;NA;rosario;-32.79936;-60.60236
city;Rosario;1981;8800;2;1;Poor;rosario;-32.79936;-60.60236
city;Rosario;1982;NA;0;1;NA;rosario;-32.79936;-60.60236
city;Rosario;1985;7000;6;1;Poor;rosario;-32.79936;-60.60236
city;Rosario;1986;4300;1;1;Poor;rosario;-32.79936;-60.60236
city;Rosario;1993;144;2;1;Good;rosario;-32.79936;-60.60236
city;Rosario;1994;3364;7;1;Good;rosario;-32.79936;-60.60236
city;Rosario;1995;5628;3;1;Good;rosario;-32.79936;-60.60236
city;Rosario;1996;9747;12;1;Good;rosario;-32.79936;-60.60236
city;Rosario;1997;17171;12;1;Good;rosario;-32.79936;-60.60236
city;Rosario;1998;154;11;1;Good;rosario;-32.79936;-60.60236
city;Rosario;2000;448;3;1;Good;rosario;-32.79936;-60.60236
city;Rosario;2001;230;4;1;Good;rosario;-32.79936;-60.60236
city;Rosario;2002;1585;4;1;Good;rosario;-32.79936;-60.60236
city;Rosario;2003;370;4;1;Good;rosario;-32.79936;-60.60236
city;Rosario;2004;7555;4;1;Good;rosario;-32.79936;-60.60236
city;Rosario;2005;2100;9;1;Poor;rosario;-32.79936;-60.60236
city;Rosario;2006;2840;9;1;Poor;rosario;-32.79936;-60.60236
city;Rosario;2007;2310;12;1;Poor;rosario;-32.79936;-60.60236
city;Rosario;2008;3940;14;1;Poor;rosario;-32.79936;-60.60236
city;Rosario;2009;2253;12;1;Poor;rosario;-32.79936;-60.60236
city;Rosario;2010;930;10;1;Good;rosario;-32.79936;-60.60236
city;Rosario;2011;4020;12;1;Poor;rosario;-32.79936;-60.60236
city;Sacramento;1980;84;11;4;Good;sacramento;38.63925;-121.52287
city;Sacramento;1981;5092;5;4;Good;sacramento;38.63925;-121.52287
city;Sacramento;1982;770;6;4;Good;sacramento;38.63925;-121.52287
city;Sacramento;1983;122;3;4;Good;sacramento;38.63925;-121.52287
city;Sacramento;1984;212;5;4;Good;sacramento;38.63925;-121.52287
city;Sacramento;1985;2462;4;4;Poor;sacramento;38.63925;-121.52287
city;Sacramento;1986;1412;3;4;Good;sacramento;38.63925;-121.52287
city;Sacramento;1987;2309;4;4;Good;sacramento;38.63925;-121.52287
city;Sacramento;1988;418;3;4;Good;sacramento;38.63925;-121.52287
city;Sacramento;1989;14385;4;4;Good;sacramento;38.63925;-121.52287
city;Sacramento;1990;2449;4;4;Good;sacramento;38.63925;-121.52287
city;Sacramento;1991;1156;4;4;Good;sacramento;38.63925;-121.52287
city;Sacramento;1992;3251;4;4;Good;sacramento;38.63925;-121.52287
city;Sacramento;1993;1819;4;4;Good;sacramento;38.63925;-121.52287
city;Sacramento;1994;4479;4;4;Good;sacramento;38.63925;-121.52287
city;Sacramento;1995;2542;3;4;Good;sacramento;38.63925;-121.52287
city;Sacramento;1996;NA;0;4;NA;sacramento;38.63925;-121.52287
city;Sacramento;1997;NA;0;4;NA;sacramento;38.63925;-121.52287
city;Sacramento;1998;NA;0;4;NA;sacramento;38.63925;-121.52287
city;Sacramento;1999;NA;0;4;NA;sacramento;38.63925;-121.52287
city;Sacramento;2000;NA;0;4;NA;sacramento;38.63925;-121.52287
city;Sacramento;2001;NA;0;4;NA;sacramento;38.63925;-121.52287
city;Sacramento;2002;NA;0;4;NA;sacramento;38.63925;-121.52287
city;Sacramento;2003;NA;0;4;NA;sacramento;38.63925;-121.52287
city;Sacramento;2004;NA;0;4;NA;sacramento;38.63925;-121.52287
city;Sacramento;2005;NA;0;4;NA;sacramento;38.63925;-121.52287
city;Sacramento;2006;NA;0;4;NA;sacramento;38.63925;-121.52287
city;Sacramento;2007;NA;0;4;NA;sacramento;38.63925;-121.52287
city;Sacramento;2008;NA;0;4;NA;sacramento;38.63925;-121.52287
city;Sacramento;2009;NA;0;4;NA;sacramento;38.63925;-121.52287
city;Sacramento;2010;NA;0;4;NA;sacramento;38.63925;-121.52287
city;Sacramento;2011;NA;0;4;NA;sacramento;38.63925;-121.52287
city;Sacramento;2012;NA;0;4;NA;sacramento;38.63925;-121.52287
city;Sacramento;2013;NA;0;4;NA;sacramento;38.63925;-121.52287
city;Sacramento;2014;NA;0;4;NA;sacramento;38.63925;-121.52287
city;Sacramento;2015;NA;0;4;NA;sacramento;38.63925;-121.52287
city;Sacramento;2016;NA;0;4;NA;sacramento;38.63925;-121.52287
city;Sacramento;2017;NA;0;4;NA;sacramento;38.63925;-121.52287
city;Sacramento;2018;NA;0;4;NA;sacramento;38.63925;-121.52287
city;Sacramento;2019;NA;0;4;NA;sacramento;38.63925;-121.52287
city;Sacramento;2020;NA;0;4;NA;sacramento;38.63925;-121.52287
city;Sakarya;1980;23;1;1;Good;sakarya;40.76284;30.46539
city;Sakarya;1981;NA;0;1;NA;sakarya;40.76284;30.46539
city;Sakarya;1982;240;2;1;Good;sakarya;40.76284;30.46539
city;Sakarya;1983;240;1;1;Good;sakarya;40.76284;30.46539
city;Sakarya;1984;NA;0;1;NA;sakarya;40.76284;30.46539
city;Sakarya;1985;NA;0;1;NA;sakarya;40.76284;30.46539
city;Sakarya;1986;700;11;1;Good;sakarya;40.76284;30.46539
city;Sakarya;1987;504;7;1;Good;sakarya;40.76284;30.46539
city;Santa Fe;2019;NA;0;1;NA;santa fe;-31.63964;-60.63077
city;Santa Fe;2020;NA;0;1;NA;santa fe;-31.63964;-60.63077
city;Santa Fe;2021;NA;0;1;NA;santa fe;-31.63964;-60.63077
city;Santa Fe;2022;NA;0;1;NA;santa fe;-31.63964;-60.63077
city;Santiago (de Chile);1980;NA;0;6;NA;santiago (de chile);-33.48131;-70.65196
city;Santiago (de Chile);1982;NA;0;6;NA;santiago (de chile);-33.48131;-70.65196
city;Santiago (de Chile);1988;NA;0;6;NA;santiago (de chile);-33.48131;-70.65196
city;Santiago (de Chile);1990;NA;0;6;NA;santiago (de chile);-33.48131;-70.65196
city;Santiago (de Chile);1991;NA;0;6;NA;santiago (de chile);-33.48131;-70.65196
city;Santiago (de Chile);1992;NA;0;6;NA;santiago (de chile);-33.48131;-70.65196
city;Santiago (de Chile);1993;NA;0;6;NA;santiago (de chile);-33.48131;-70.65196
city;Santiago (de Chile);1994;NA;0;6;NA;santiago (de chile);-33.48131;-70.65196
city;Santiago (de Chile);1995;NA;0;6;NA;santiago (de chile);-33.48131;-70.65196
city;Santiago (de Chile);1997;NA;0;6;NA;santiago (de chile);-33.48131;-70.65196
city;Santiago (de Chile);1998;NA;0;6;NA;santiago (de chile);-33.48131;-70.65196
city;Santiago (de Chile);1999;NA;0;6;NA;santiago (de chile);-33.48131;-70.65196
city;Santiago (de Chile);2000;NA;0;6;NA;santiago (de chile);-33.48131;-70.65196
city;Santiago (de Chile);2001;NA;0;6;NA;santiago (de chile);-33.48131;-70.65196
city;Santiago (de Chile);2002;NA;0;6;NA;santiago (de chile);-33.48131;-70.65196
city;Santiago (de Chile);2003;NA;0;6;NA;santiago (de chile);-33.48131;-70.65196
city;Santiago (de Chile);2004;NA;0;6;NA;santiago (de chile);-33.48131;-70.65196
city;Santiago (de Chile);2005;NA;0;6;NA;santiago (de chile);-33.48131;-70.65196
city;Santiago (de Chile);2006;NA;0;6;NA;santiago (de chile);-33.48131;-70.65196
city;Santiago (de Chile);2007;NA;0;6;NA;santiago (de chile);-33.48131;-70.65196
city;Santiago (de Chile);2008;NA;0;6;NA;santiago (de chile);-33.48131;-70.65196
city;Santiago (de Chile);2009;NA;0;6;NA;santiago (de chile);-33.48131;-70.65196
city;Santiago (de Chile);2010;NA;0;6;NA;santiago (de chile);-33.48131;-70.65196
city;Santiago (de Chile);2011;NA;0;6;NA;santiago (de chile);-33.48131;-70.65196
city;Santiago (de Chile);2012;NA;0;6;NA;santiago (de chile);-33.48131;-70.65196
city;Santiago (de Chile);2013;NA;0;6;NA;santiago (de chile);-33.48131;-70.65196
city;Santiago (de Chile);2014;NA;0;6;NA;santiago (de chile);-33.48131;-70.65196
city;Santiago (de Chile);2015;NA;0;6;NA;santiago (de chile);-33.48131;-70.65196
city;Santiago (de Chile);2016;NA;0;6;NA;santiago (de chile);-33.48131;-70.65196
city;Santiago (de Chile);2017;NA;0;6;NA;santiago (de chile);-33.48131;-70.65196
city;Santiago (de Chile);2018;NA;0;6;NA;santiago (de chile);-33.48131;-70.65196
city;Sapporo;1980;1880;10;2;Good;sapporo;43.11096;141.39251
city;Sapporo;1981;490;12;2;Good;sapporo;43.11096;141.39251
city;Sapporo;1982;920;12;2;Good;sapporo;43.11096;141.39251
city;Sapporo;1983;447;12;2;Good;sapporo;43.11096;141.39251
city;Sapporo;1984;1262;12;2;Good;sapporo;43.11096;141.39251
city;Sapporo;1985;508;12;2;Good;sapporo;43.11096;141.39251
city;Sapporo;1986;1213;12;2;Good;sapporo;43.11096;141.39251
city;Sapporo;1987;1262;12;2;Good;sapporo;43.11096;141.39251
city;Sapporo;1988;686;12;2;Good;sapporo;43.11096;141.39251
city;Sapporo;1989;490;11;2;Good;sapporo;43.11096;141.39251
city;Sapporo;1990;130;11;2;Good;sapporo;43.11096;141.39251
city;Sapporo;1991;1039;12;2;Good;sapporo;43.11096;141.39251
city;Sapporo;1992;76;12;2;Good;sapporo;43.11096;141.39251
city;Sapporo;1993;106;12;2;Good;sapporo;43.11096;141.39251
city;Sapporo;1994;247;10;2;Good;sapporo;43.11096;141.39251
city;Sapporo;1995;553;12;2;Good;sapporo;43.11096;141.39251
city;Sapporo;1996;375;12;2;Good;sapporo;43.11096;141.39251
city;Sapporo;1997;612;12;2;Good;sapporo;43.11096;141.39251
city;Sapporo;1998;1579;12;2;Good;sapporo;43.11096;141.39251
city;Sapporo;1999;474;12;2;Good;sapporo;43.11096;141.39251
city;Sapporo;2000;22;12;2;Good;sapporo;43.11096;141.39251
city;Sapporo;2001;218;12;2;Good;sapporo;43.11096;141.39251
city;Sapporo;2002;79;12;2;Good;sapporo;43.11096;141.39251
city;Sapporo;2003;325;12;2;Good;sapporo;43.11096;141.39251
city;Sapporo;2004;42;3;2;Good;sapporo;43.11096;141.39251
city;Sapporo;2005;NA;0;2;NA;sapporo;43.11096;141.39251
city;Sapporo;2006;NA;0;2;NA;sapporo;43.11096;141.39251
city;Sapporo;2007;NA;0;2;NA;sapporo;43.11096;141.39251
city;Sapporo;2008;NA;0;2;NA;sapporo;43.11096;141.39251
city;Sapporo;2009;848;12;2;Good;sapporo;43.11096;141.39251
city;Sapporo;2010;253;12;2;Good;sapporo;43.11096;141.39251
city;Sapporo;2011;952;12;2;Good;sapporo;43.11096;141.39251
city;Sapporo;2012;492;12;2;Good;sapporo;43.11096;141.39251
city;Sapporo;2013;237;12;2;Good;sapporo;43.11096;141.39251
city;Sapporo;2014;984;12;2;Good;sapporo;43.11096;141.39251
city;Sapporo;2015;249;12;2;Good;sapporo;43.11096;141.39251
city;Sapporo;2016;751;12;2;Good;sapporo;43.11096;141.39251
city;Sapporo;2017;339;12;2;Good;sapporo;43.11096;141.39251
city;Sapporo;2018;110;12;2;Good;sapporo;43.11096;141.39251
city;Sapporo;2019;239;12;2;Good;sapporo;43.11096;141.39251
city;Sapporo;2020;167;12;2;Good;sapporo;43.11096;141.39251
city;Sapporo;2021;391;12;2;Good;sapporo;43.11096;141.39251
city;Sapporo;2022;NA;0;2;NA;sapporo;43.11096;141.39251
city;Sevilla;1990;107400;10;1;Poor;sevilla;37.3774;-5.97878
city;Sevilla;1991;15300;11;1;Poor;sevilla;37.3774;-5.97878
city;Sevilla;1992;25000;11;1;Poor;sevilla;37.3774;-5.97878
city;Sevilla;1993;13600;12;1;Poor;sevilla;37.3774;-5.97878
city;Sevilla;1994;30700;8;1;Poor;sevilla;37.3774;-5.97878
city;Sevilla;1995;477600;4;1;Poor;sevilla;37.3774;-5.97878
city;Shimoga;1980;NA;0;2;NA;shimoga;13.93018;75.57453
city;Shimoga;1981;NA;0;2;NA;shimoga;13.93018;75.57453
city;Shimoga;1982;NA;0;2;NA;shimoga;13.93018;75.57453
city;Shimoga;1983;NA;0;2;NA;shimoga;13.93018;75.57453
city;Shimoga;1984;NA;0;2;NA;shimoga;13.93018;75.57453
city;Shimoga;1985;NA;0;2;NA;shimoga;13.93018;75.57453
city;Shimoga;1986;NA;0;2;NA;shimoga;13.93018;75.57453
city;Shimoga;1987;NA;0;2;NA;shimoga;13.93018;75.57453
city;Shimoga;1988;NA;0;2;NA;shimoga;13.93018;75.57453
city;Shimoga;1989;NA;0;2;NA;shimoga;13.93018;75.57453
city;Shimoga;1990;NA;0;2;NA;shimoga;13.93018;75.57453
city;Shimoga;1991;NA;0;2;NA;shimoga;13.93018;75.57453
city;Shimoga;1992;NA;0;2;NA;shimoga;13.93018;75.57453
city;Shimoga;1993;NA;0;2;NA;shimoga;13.93018;75.57453
city;Shimoga;1994;NA;0;2;NA;shimoga;13.93018;75.57453
city;Shimoga;1995;NA;0;2;NA;shimoga;13.93018;75.57453
city;Shimoga;1996;NA;0;2;NA;shimoga;13.93018;75.57453
city;Shimoga;1997;NA;0;2;NA;shimoga;13.93018;75.57453
city;Shimoga;1998;NA;0;2;NA;shimoga;13.93018;75.57453
city;Shimoga;1999;NA;0;2;NA;shimoga;13.93018;75.57453
city;Shimoga;2000;NA;0;2;NA;shimoga;13.93018;75.57453
city;Shimoga;2001;NA;0;2;NA;shimoga;13.93018;75.57453
city;Shimoga;2002;NA;0;2;NA;shimoga;13.93018;75.57453
city;Shimoga;2003;NA;0;2;NA;shimoga;13.93018;75.57453
city;Shimoga;2004;NA;0;2;NA;shimoga;13.93018;75.57453
city;Shimoga;2005;NA;0;2;NA;shimoga;13.93018;75.57453
city;Shimoga;2006;NA;0;2;NA;shimoga;13.93018;75.57453
city;Shimoga;2007;NA;0;2;NA;shimoga;13.93018;75.57453
city;Shimoga;2008;NA;0;2;NA;shimoga;13.93018;75.57453
city;Shimoga;2009;NA;0;2;NA;shimoga;13.93018;75.57453
city;Shimoga;2010;NA;0;2;NA;shimoga;13.93018;75.57453
city;Shimoga;2011;NA;0;2;NA;shimoga;13.93018;75.57453
city;Shimoga;2012;NA;0;2;NA;shimoga;13.93018;75.57453
city;Shimoga;2013;NA;0;2;NA;shimoga;13.93018;75.57453
city;Shimoga;2014;NA;0;2;NA;shimoga;13.93018;75.57453
city;Shimoga;2015;NA;0;2;NA;shimoga;13.93018;75.57453
city;Shimoga;2016;NA;0;2;NA;shimoga;13.93018;75.57453
city;Shimoga;2017;NA;0;2;NA;shimoga;13.93018;75.57453
city;Shimoga;2018;36000;10;2;Poor;shimoga;13.93018;75.57453
city;Shimoga;2019;9250;18;2;Poor;shimoga;13.93018;75.57453
city;Shimoga;2020;10200;2;2;Poor;shimoga;13.93018;75.57453
city;Shimoga;2021;215;2;2;Good;shimoga;13.93018;75.57453
city;Srinagar;2004;NA;0;7;NA;srinagar;34.09194;74.81543
city;Srinagar;2005;NA;0;7;NA;srinagar;34.09194;74.81543
city;Srinagar;2006;NA;0;7;NA;srinagar;34.09194;74.81543
city;Srinagar;2007;NA;0;7;NA;srinagar;34.09194;74.81543
city;Srinagar;2009;2;2;7;Good;srinagar;34.09194;74.81543
city;Srinagar;2010;14;10;7;Good;srinagar;34.09194;74.81543
city;Srinagar;2011;14;12;7;Good;srinagar;34.09194;74.81543
city;Srinagar;2012;14;11;7;Good;srinagar;34.09194;74.81543
city;Srinagar;2013;11;8;7;Good;srinagar;34.09194;74.81543
city;Srinagar;2014;NA;0;7;NA;srinagar;34.09194;74.81543
city;Srinagar;2015;NA;0;7;NA;srinagar;34.09194;74.81543
city;Srinagar;2016;NA;0;7;NA;srinagar;34.09194;74.81543
city;Srinagar;2017;NA;0;7;NA;srinagar;34.09194;74.81543
city;Srinagar;2018;NA;0;7;NA;srinagar;34.09194;74.81543
city;Srinagar;2019;NA;0;7;NA;srinagar;34.09194;74.81543
city;Srinagar;2020;NA;0;7;NA;srinagar;34.09194;74.81543
city;Srinagar;2021;NA;0;7;NA;srinagar;34.09194;74.81543
city;Szczecin;2011;NA;0;3;NA;szczecin;53.42544;14.58894
city;Szczecin;2012;NA;0;3;NA;szczecin;53.42544;14.58894
city;Szczecin;2013;NA;0;3;NA;szczecin;53.42544;14.58894
city;Szczecin;2014;NA;0;3;NA;szczecin;53.42544;14.58894
city;Szczecin;2015;NA;0;3;NA;szczecin;53.42544;14.58894
city;Szczecin;2016;NA;0;3;NA;szczecin;53.42544;14.58894
city;Szczecin;2017;NA;0;3;NA;szczecin;53.42544;14.58894
city;Szczecin;2018;NA;0;3;NA;szczecin;53.42544;14.58894
city;Szczecin;2019;NA;0;3;NA;szczecin;53.42544;14.58894
city;Szczecin;2020;NA;0;3;NA;szczecin;53.42544;14.58894
city;Szczecin;2021;NA;0;3;NA;szczecin;53.42544;14.58894
city;São Paulo;1998;1300000;1;31;Poor;sao paulo;-23.58455;-46.591079999999998
city;São Paulo;1999;1380000;3;31;Poor;sao paulo;-23.58455;-46.591079999999998
city;São Paulo;2000;8720000;5;31;Poor;sao paulo;-23.58455;-46.591079999999998
city;São Paulo;2001;5050000;56;31;Poor;sao paulo;-23.58455;-46.591079999999998
city;São Paulo;2002;5740000;85;31;Poor;sao paulo;-23.58455;-46.591079999999998
city;São Paulo;2003;8,38E+14;87;31;Poor;sao paulo;-23.58455;-46.591079999999998
city;São Paulo;2004;450000;91;31;Poor;sao paulo;-23.58455;-46.591079999999998
city;São Paulo;2005;2360000;89;31;Poor;sao paulo;-23.58455;-46.591079999999998
city;São Paulo;2006;2950000;94;31;Poor;sao paulo;-23.58455;-46.591079999999998
city;São Paulo;2007;2920000;87;31;Poor;sao paulo;-23.58455;-46.591079999999998
city;São Paulo;2008;2300000;91;31;Poor;sao paulo;-23.58455;-46.591079999999998
city;São Paulo;2009;3200000;118;31;Poor;sao paulo;-23.58455;-46.591079999999998
city;São Paulo;2010;2770000;104;31;Poor;sao paulo;-23.58455;-46.591079999999998
city;São Paulo;2011;2760000;105;31;Poor;sao paulo;-23.58455;-46.591079999999998
city;São Paulo;2012;NA;0;31;NA;sao paulo;-23.58455;-46.591079999999998
city;São Paulo;2013;NA;0;31;NA;sao paulo;-23.58455;-46.591079999999998
city;São Paulo;2014;NA;0;31;NA;sao paulo;-23.58455;-46.591079999999998
city;São Paulo;2015;NA;0;31;NA;sao paulo;-23.58455;-46.591079999999998
city;Temuco;1984;NA;0;1;NA;temuco;-38.7387;-72.59588
city;Temuco;1985;NA;0;1;NA;temuco;-38.7387;-72.59588
city;Temuco;1986;NA;0;1;NA;temuco;-38.7387;-72.59588
city;Temuco;1987;NA;0;1;NA;temuco;-38.7387;-72.59588
city;Temuco;1988;NA;0;1;NA;temuco;-38.7387;-72.59588
city;Temuco;1989;NA;0;1;NA;temuco;-38.7387;-72.59588
city;Temuco;1990;NA;0;1;NA;temuco;-38.7387;-72.59588
city;Temuco;1991;NA;0;1;NA;temuco;-38.7387;-72.59588
city;Temuco;1992;NA;0;1;NA;temuco;-38.7387;-72.59588
city;Temuco;1993;NA;0;1;NA;temuco;-38.7387;-72.59588
city;Temuco;1994;NA;0;1;NA;temuco;-38.7387;-72.59588
city;Temuco;1995;NA;0;1;NA;temuco;-38.7387;-72.59588
city;Temuco;1996;NA;0;1;NA;temuco;-38.7387;-72.59588
city;Temuco;1997;NA;0;1;NA;temuco;-38.7387;-72.59588
city;Temuco;1998;NA;0;1;NA;temuco;-38.7387;-72.59588
city;Temuco;1999;NA;0;1;NA;temuco;-38.7387;-72.59588
city;Temuco;2000;NA;0;1;NA;temuco;-38.7387;-72.59588
city;Temuco;2001;NA;0;1;NA;temuco;-38.7387;-72.59588
city;Temuco;2002;NA;0;1;NA;temuco;-38.7387;-72.59588
city;Temuco;2003;NA;0;1;NA;temuco;-38.7387;-72.59588
city;Temuco;2004;NA;0;1;NA;temuco;-38.7387;-72.59588
city;Temuco;2005;NA;0;1;NA;temuco;-38.7387;-72.59588
city;Temuco;2006;NA;0;1;NA;temuco;-38.7387;-72.59588
city;Temuco;2007;NA;0;1;NA;temuco;-38.7387;-72.59588
city;Temuco;2008;NA;0;1;NA;temuco;-38.7387;-72.59588
city;Temuco;2009;NA;0;1;NA;temuco;-38.7387;-72.59588
city;Temuco;2010;NA;0;1;NA;temuco;-38.7387;-72.59588
city;Temuco;2011;NA;0;1;NA;temuco;-38.7387;-72.59588
city;Temuco;2012;NA;0;1;NA;temuco;-38.7387;-72.59588
city;Temuco;2013;NA;0;1;NA;temuco;-38.7387;-72.59588
city;Temuco;2014;NA;0;1;NA;temuco;-38.7387;-72.59588
city;Temuco;2015;NA;0;1;NA;temuco;-38.7387;-72.59588
city;Temuco;2016;NA;0;1;NA;temuco;-38.7387;-72.59588
city;Temuco;2017;NA;0;1;NA;temuco;-38.7387;-72.59588
city;Thrissur;2018;393;12;1;Good;thrissur;10.53036;76.21337
city;Thrissur;2019;200;12;1;Good;thrissur;10.53036;76.21337
city;Thrissur;2020;200;11;1;Good;thrissur;10.53036;76.21337
city;Thrissur;2021;1480;3;1;Good;thrissur;10.53036;76.21337
city;Tiruchirappalli;2018;1020;26;3;Good;tiruchirappalli;10.82377;78.7439
city;Tiruchirappalli;2019;433;20;3;Good;tiruchirappalli;10.82377;78.7439
city;Tiruchirappalli;2020;330;21;3;Good;tiruchirappalli;10.82377;78.7439
city;Tiruchirappalli;2021;210;9;3;Good;tiruchirappalli;10.82377;78.7439
city;Tomsk;1980;NA;0;3;NA;tomsk;56.53833;84.90581
city;Tomsk;1981;NA;0;3;NA;tomsk;56.53833;84.90581
city;Tomsk;1982;NA;0;3;NA;tomsk;56.53833;84.90581
city;Tomsk;1983;NA;0;3;NA;tomsk;56.53833;84.90581
city;Tomsk;1984;NA;0;3;NA;tomsk;56.53833;84.90581
city;Tomsk;1985;NA;0;3;NA;tomsk;56.53833;84.90581
city;Tomsk;1986;NA;0;3;NA;tomsk;56.53833;84.90581
city;Tomsk;1987;NA;0;3;NA;tomsk;56.53833;84.90581
city;Tomsk;1988;NA;0;3;NA;tomsk;56.53833;84.90581
city;Tomsk;1989;NA;0;3;NA;tomsk;56.53833;84.90581
city;Tomsk;1990;NA;0;3;NA;tomsk;56.53833;84.90581
city;Tomsk;1991;NA;0;3;NA;tomsk;56.53833;84.90581
city;Tomsk;1992;NA;0;3;NA;tomsk;56.53833;84.90581
city;Tomsk;1993;NA;0;3;NA;tomsk;56.53833;84.90581
city;Tomsk;1994;NA;0;3;NA;tomsk;56.53833;84.90581
city;Tomsk;1995;NA;0;3;NA;tomsk;56.53833;84.90581
city;Tomsk;1997;NA;0;3;NA;tomsk;56.53833;84.90581
city;Tomsk;1998;NA;0;3;NA;tomsk;56.53833;84.90581
city;Tomsk;1999;NA;0;3;NA;tomsk;56.53833;84.90581
city;Tomsk;2000;NA;0;3;NA;tomsk;56.53833;84.90581
city;Tomsk;2001;NA;0;3;NA;tomsk;56.53833;84.90581
city;Tomsk;2002;NA;0;3;NA;tomsk;56.53833;84.90581
city;Tomsk;2003;NA;0;3;NA;tomsk;56.53833;84.90581
city;Tomsk;2010;NA;0;3;NA;tomsk;56.53833;84.90581
city;Tomsk;2011;NA;0;3;NA;tomsk;56.53833;84.90581
city;Tomsk;2012;NA;0;3;NA;tomsk;56.53833;84.90581
city;Tomsk;2013;NA;0;3;NA;tomsk;56.53833;84.90581
city;Tomsk;2015;NA;0;3;NA;tomsk;56.53833;84.90581
city;Tomsk;2016;NA;0;3;NA;tomsk;56.53833;84.90581
city;Tomsk;2017;NA;0;3;NA;tomsk;56.53833;84.90581
city;Tomsk;2018;NA;0;3;NA;tomsk;56.53833;84.90581
city;Tomsk;2019;NA;0;3;NA;tomsk;56.53833;84.90581
city;Tomsk;2020;NA;0;3;NA;tomsk;56.53833;84.90581
city;Tomsk;2021;NA;0;3;NA;tomsk;56.53833;84.90581
city;Tomsk;2022;NA;0;3;NA;tomsk;56.53833;84.90581
city;Torino;1990;NA;0;7;NA;torino;45.07141;7.65385
city;Torino;1991;NA;0;7;NA;torino;45.07141;7.65385
city;Torino;1992;NA;0;7;NA;torino;45.07141;7.65385
city;Torino;1993;NA;0;7;NA;torino;45.07141;7.65385
city;Torino;1994;NA;0;7;NA;torino;45.07141;7.65385
city;Torino;1995;NA;0;7;NA;torino;45.07141;7.65385
city;Torino;2007;NA;0;7;NA;torino;45.07141;7.65385
city;Torino;2008;NA;0;7;NA;torino;45.07141;7.65385
city;Torino;2010;NA;0;7;NA;torino;45.07141;7.65385
city;Torino;2011;NA;0;7;NA;torino;45.07141;7.65385
city;Torino;2012;NA;0;7;NA;torino;45.07141;7.65385
city;Torino;2015;NA;0;7;NA;torino;45.07141;7.65385
city;Torino;2016;NA;0;7;NA;torino;45.07141;7.65385
city;Torino;2017;NA;0;7;NA;torino;45.07141;7.65385
city;Torino;2018;NA;0;7;NA;torino;45.07141;7.65385
city;Torino;2019;NA;0;7;NA;torino;45.07141;7.65385
city;Torino;2020;NA;0;7;NA;torino;45.07141;7.65385
city;Torino;2021;NA;0;7;NA;torino;45.07141;7.65385
city;Toulouse;1980;24000;12;2;Poor;toulouse;43.61087;1.41632
city;Toulouse;1981;11000;12;2;Poor;toulouse;43.61087;1.41632
city;Toulouse;1982;33040;12;2;Poor;toulouse;43.61087;1.41632
city;Toulouse;1983;26000;10;2;Poor;toulouse;43.61087;1.41632
city;Toulouse;1984;25000;11;2;Poor;toulouse;43.61087;1.41632
city;Toulouse;1985;90000;8;2;Poor;toulouse;43.61087;1.41632
city;Toulouse;1986;17000;8;2;Poor;toulouse;43.61087;1.41632
city;Toulouse;1987;43500;6;2;Poor;toulouse;43.61087;1.41632
city;Toulouse;1988;NA;0;2;NA;toulouse;43.61087;1.41632
city;Toulouse;1989;NA;0;2;NA;toulouse;43.61087;1.41632
city;Toulouse;1990;NA;0;2;NA;toulouse;43.61087;1.41632
city;Toulouse;1991;NA;0;2;NA;toulouse;43.61087;1.41632
city;Toulouse;1992;NA;0;2;NA;toulouse;43.61087;1.41632
city;Toulouse;1993;NA;0;2;NA;toulouse;43.61087;1.41632
city;Toulouse;1994;NA;0;2;NA;toulouse;43.61087;1.41632
city;Toulouse;1995;NA;0;2;NA;toulouse;43.61087;1.41632
city;Toulouse;1996;NA;0;2;NA;toulouse;43.61087;1.41632
city;Toulouse;2009;NA;0;2;NA;toulouse;43.61087;1.41632
city;Toulouse;2010;NA;0;2;NA;toulouse;43.61087;1.41632
city;Toulouse;2011;NA;0;2;NA;toulouse;43.61087;1.41632
city;Toulouse;2012;NA;0;2;NA;toulouse;43.61087;1.41632
city;Toulouse;2013;NA;0;2;NA;toulouse;43.61087;1.41632
city;Toulouse;2014;NA;0;2;NA;toulouse;43.61087;1.41632
city;Toulouse;2015;NA;0;2;NA;toulouse;43.61087;1.41632
city;Toulouse;2016;NA;0;2;NA;toulouse;43.61087;1.41632
city;Toulouse;2017;NA;0;2;NA;toulouse;43.61087;1.41632
city;Toulouse;2018;NA;0;2;NA;toulouse;43.61087;1.41632
city;Toulouse;2019;NA;0;2;NA;toulouse;43.61087;1.41632
city;Toulouse;2020;NA;0;2;NA;toulouse;43.61087;1.41632
city;Toulouse;2021;NA;0;2;NA;toulouse;43.61087;1.41632
city;Ubon Ratchathani;1985;NA;0;1;NA;ubon ratchathani;15.23999;104.84792
city;Ubon Ratchathani;1986;NA;0;1;NA;ubon ratchathani;15.23999;104.84792
city;Ubon Ratchathani;1987;NA;0;1;NA;ubon ratchathani;15.23999;104.84792
city;Ubon Ratchathani;1988;NA;0;1;NA;ubon ratchathani;15.23999;104.84792
city;Ubon Ratchathani;1989;NA;0;1;NA;ubon ratchathani;15.23999;104.84792
city;Ubon Ratchathani;1990;NA;0;1;NA;ubon ratchathani;15.23999;104.84792
city;Ubon Ratchathani;1991;2700;2;1;Poor;ubon ratchathani;15.23999;104.84792
city;Ubon Ratchathani;1992;800;1;1;Good;ubon ratchathani;15.23999;104.84792
city;Ubon Ratchathani;1993;NA;0;1;NA;ubon ratchathani;15.23999;104.84792
city;Ubon Ratchathani;1994;NA;0;1;NA;ubon ratchathani;15.23999;104.84792
city;Utrecht;1980;3200;13;1;Poor;utrecht;52.06414;5.07506
city;Utrecht;1981;3100;13;1;Poor;utrecht;52.06414;5.07506
city;Utrecht;1982;7900;13;1;Poor;utrecht;52.06414;5.07506
city;Utrecht;1983;3080;13;1;Poor;utrecht;52.06414;5.07506
city;Utrecht;1984;43831;18;1;Poor;utrecht;52.06414;5.07506
city;Utrecht;1985;312;18;1;Good;utrecht;52.06414;5.07506
city;Utrecht;1986;511;18;1;Good;utrecht;52.06414;5.07506
city;Utrecht;1987;4968;17;1;Good;utrecht;52.06414;5.07506
city;Utrecht;1988;1132;5;1;Good;utrecht;52.06414;5.07506
city;Utrecht;1989;610;7;1;Good;utrecht;52.06414;5.07506
city;Utrecht;1990;265;6;1;Good;utrecht;52.06414;5.07506
city;Utrecht;1991;546;7;1;Good;utrecht;52.06414;5.07506
city;Utrecht;1992;208;5;1;Good;utrecht;52.06414;5.07506
city;Vancouver;2008;NA;0;1;NA;vancouver;49.21892;-123.00459
city;Vancouver;2009;NA;0;1;NA;vancouver;49.21892;-123.00459
city;Vancouver;2010;NA;0;1;NA;vancouver;49.21892;-123.00459
city;Vancouver;2011;NA;0;1;NA;vancouver;49.21892;-123.00459
city;Vancouver;2012;NA;0;1;NA;vancouver;49.21892;-123.00459
city;Vancouver;2013;NA;0;1;NA;vancouver;49.21892;-123.00459
city;Vancouver;2014;NA;0;1;NA;vancouver;49.21892;-123.00459
city;Vancouver;2015;NA;0;1;NA;vancouver;49.21892;-123.00459
city;Vancouver;2016;NA;0;1;NA;vancouver;49.21892;-123.00459
city;Vancouver;2017;NA;0;1;NA;vancouver;49.21892;-123.00459
city;Vancouver;2018;NA;0;1;NA;vancouver;49.21892;-123.00459
city;Vancouver;2019;NA;0;1;NA;vancouver;49.21892;-123.00459
city;Vientiane;1985;NA;0;1;NA;vientiane;17.96098;102.61138
city;Vientiane;1986;NA;0;1;NA;vientiane;17.96098;102.61138
city;Vientiane;1987;NA;0;1;NA;vientiane;17.96098;102.61138
city;Vientiane;1988;NA;0;1;NA;vientiane;17.96098;102.61138
city;Vientiane;1989;NA;0;1;NA;vientiane;17.96098;102.61138
city;Vientiane;1990;NA;0;1;NA;vientiane;17.96098;102.61138
city;Vientiane;1991;NA;0;1;NA;vientiane;17.96098;102.61138
city;Vientiane;1992;NA;0;1;NA;vientiane;17.96098;102.61138
city;Vientiane;1993;NA;0;1;NA;vientiane;17.96098;102.61138
city;Vientiane;1994;NA;0;1;NA;vientiane;17.96098;102.61138
city;Vientiane;1995;NA;0;1;NA;vientiane;17.96098;102.61138
city;Vientiane;2000;NA;0;1;NA;vientiane;17.96098;102.61138
city;Vientiane;2001;NA;0;1;NA;vientiane;17.96098;102.61138
city;Vientiane;2002;NA;0;1;NA;vientiane;17.96098;102.61138
city;Vientiane;2003;NA;0;1;NA;vientiane;17.96098;102.61138
city;Vientiane;2004;NA;0;1;NA;vientiane;17.96098;102.61138
city;Vientiane;2005;NA;0;1;NA;vientiane;17.96098;102.61138
city;Vientiane;2006;NA;0;1;NA;vientiane;17.96098;102.61138
city;Vientiane;2007;NA;0;1;NA;vientiane;17.96098;102.61138
city;Vientiane;2008;NA;0;1;NA;vientiane;17.96098;102.61138
city;Warszawa;1992;115000;7;1;Poor;warszawa;52.22821;21.01149
city;Warszawa;1993;160000;45;1;Poor;warszawa;52.22821;21.01149
city;Warszawa;1994;250000;32;1;Poor;warszawa;52.22821;21.01149
city;Warszawa;1995;25000;29;1;Poor;warszawa;52.22821;21.01149
city;Warszawa;1996;NA;0;1;NA;warszawa;52.22821;21.01149
city;Warszawa;1997;NA;0;1;NA;warszawa;52.22821;21.01149
city;Warszawa;1998;NA;0;1;NA;warszawa;52.22821;21.01149
city;Warszawa;1999;NA;0;1;NA;warszawa;52.22821;21.01149
city;Warszawa;2000;182500;4;1;Poor;warszawa;52.22821;21.01149
city;Warszawa;2001;2500;21;1;Poor;warszawa;52.22821;21.01149
city;Warszawa;2002;NA;0;1;NA;warszawa;52.22821;21.01149
city;Warszawa;2003;NA;0;1;NA;warszawa;52.22821;21.01149
city;Washington, D.C;1980;269;11;2;Good;washington, d.c;38.90996;-77.14869
city;Washington, D.C;1981;6,492E+14;9;2;Good;washington, d.c;38.90996;-77.14869
city;Washington, D.C;1982;675;6;2;Good;washington, d.c;38.90996;-77.14869
city;Washington, D.C;1983;1600;5;2;Good;washington, d.c;38.90996;-77.14869
city;Washington, D.C;1984;980;5;2;Good;washington, d.c;38.90996;-77.14869
city;Washington, D.C;1985;7,6E+14;9;2;Poor;washington, d.c;38.90996;-77.14869
city;Washington, D.C;1986;70;6;2;Good;washington, d.c;38.90996;-77.14869
city;Washington, D.C;1987;51875;6;2;Poor;washington, d.c;38.90996;-77.14869
city;Washington, D.C;1988;496;4;2;Good;washington, d.c;38.90996;-77.14869
city;Washington, D.C;1989;1020;5;2;Good;washington, d.c;38.90996;-77.14869
city;Washington, D.C;1990;2345;4;2;Good;washington, d.c;38.90996;-77.14869
city;Washington, D.C;1991;246;3;2;Good;washington, d.c;38.90996;-77.14869
city;Washington, D.C;1992;1825;6;2;Good;washington, d.c;38.90996;-77.14869
city;Washington, D.C;1993;37932;4;2;Poor;washington, d.c;38.90996;-77.14869
city;Washington, D.C;1994;54;3;2;Good;washington, d.c;38.90996;-77.14869
city;Washington, D.C;1995;NA;0;2;NA;washington, d.c;38.90996;-77.14869
city;Washington, D.C;1996;NA;0;2;NA;washington, d.c;38.90996;-77.14869
city;Washington, D.C;1997;NA;0;2;NA;washington, d.c;38.90996;-77.14869
city;Washington, D.C;1998;NA;0;2;NA;washington, d.c;38.90996;-77.14869
city;Washington, D.C;1999;153000;17;2;Poor;washington, d.c;38.90996;-77.14869
city;Washington, D.C;2000;13000;11;2;Poor;washington, d.c;38.90996;-77.14869
city;Washington, D.C;2001;87;1;2;Good;washington, d.c;38.90996;-77.14869
city;Washington, D.C;2002;536;3;2;Good;washington, d.c;38.90996;-77.14869
city;Washington, D.C;2003;838;2;2;Good;washington, d.c;38.90996;-77.14869
city;Washington, D.C;2004;15;1;2;Good;washington, d.c;38.90996;-77.14869
city;Washington, D.C;2005;NA;0;2;NA;washington, d.c;38.90996;-77.14869
city;Washington, D.C;2006;NA;0;2;NA;washington, d.c;38.90996;-77.14869
city;Washington, D.C;2007;NA;0;2;NA;washington, d.c;38.90996;-77.14869
city;Washington, D.C;2008;NA;0;2;NA;washington, d.c;38.90996;-77.14869
city;Washington, D.C;2009;NA;0;2;NA;washington, d.c;38.90996;-77.14869
city;Washington, D.C;2010;NA;0;2;NA;washington, d.c;38.90996;-77.14869
city;Washington, D.C;2011;NA;0;2;NA;washington, d.c;38.90996;-77.14869
city;Washington, D.C;2012;NA;0;2;NA;washington, d.c;38.90996;-77.14869
city;Washington, D.C;2013;NA;0;2;NA;washington, d.c;38.90996;-77.14869
city;Washington, D.C;2014;1730;3;2;Good;washington, d.c;38.90996;-77.14869
city;Washington, D.C;2015;2000;19;2;Good;washington, d.c;38.90996;-77.14869
city;Washington, D.C;2016;1235;14;2;Good;washington, d.c;38.90996;-77.14869
city;Washington, D.C;2017;2000;15;2;Good;washington, d.c;38.90996;-77.14869
city;Washington, D.C;2018;2000;16;2;Good;washington, d.c;38.90996;-77.14869
city;Washington, D.C;2019;2000;18;2;Good;washington, d.c;38.90996;-77.14869
city;Washington, D.C;2020;125;3;2;Good;washington, d.c;38.90996;-77.14869
city;Windsor;1996;471;10;1;Good;windsor;42.38262;-82.92536
city;Windsor;1997;282;27;1;Good;windsor;42.38262;-82.92536
city;Windsor;1998;553;2;1;Good;windsor;42.38262;-82.92536
city;Windsor;2001;NA;0;1;NA;windsor;42.38262;-82.92536
city;Windsor;2002;NA;0;1;NA;windsor;42.38262;-82.92536
city;Windsor;2003;NA;0;1;NA;windsor;42.38262;-82.92536
city;Windsor;2004;NA;0;1;NA;windsor;42.38262;-82.92536
city;Windsor;2005;NA;0;1;NA;windsor;42.38262;-82.92536
city;Windsor;2006;20407;2;1;Poor;windsor;42.38262;-82.92536
city;Windsor;2008;NA;0;1;NA;windsor;42.38262;-82.92536
city;Windsor;2009;NA;0;1;NA;windsor;42.38262;-82.92536
city;Windsor;2012;NA;0;1;NA;windsor;42.38262;-82.92536
city;Windsor;2013;NA;0;1;NA;windsor;42.38262;-82.92536
city;Windsor;2014;NA;0;1;NA;windsor;42.38262;-82.92536
city;Windsor;2015;NA;0;1;NA;windsor;42.38262;-82.92536
city;Windsor;2016;NA;0;1;NA;windsor;42.38262;-82.92536
city;Windsor;2017;NA;0;1;NA;windsor;42.38262;-82.92536
city;Windsor;2018;NA;0;1;NA;windsor;42.38262;-82.92536
city;Windsor;2019;NA;0;1;NA;windsor;42.38262;-82.92536
city;Windsor;2020;NA;0;1;NA;windsor;42.38262;-82.92536
downstream;Ahmadabad;2001;150000;11;4;Poor;ahmadabad;23.02788;72.57889
downstream;Ahmadabad;2002;460000;11;4;Poor;ahmadabad;23.02788;72.57889
downstream;Ahmadabad;2003;1036000;12;4;Poor;ahmadabad;23.02788;72.57889
downstream;Ahmadabad;2004;23100;12;4;Poor;ahmadabad;23.02788;72.57889
downstream;Ahmadabad;2005;150000;8;4;Poor;ahmadabad;23.02788;72.57889
downstream;Ahmadabad;2006;750000;11;4;Poor;ahmadabad;23.02788;72.57889
downstream;Ahmadabad;2007;5240;9;4;Poor;ahmadabad;23.02788;72.57889
downstream;Ahmadabad;2008;9000;11;4;Poor;ahmadabad;23.02788;72.57889
downstream;Ahmadabad;2009;NA;0;4;NA;ahmadabad;23.02788;72.57889
downstream;Ahmadabad;2010;NA;0;4;NA;ahmadabad;23.02788;72.57889
downstream;Ahmadabad;2011;NA;0;4;NA;ahmadabad;23.02788;72.57889
downstream;Ahmadabad;2012;NA;0;4;NA;ahmadabad;23.02788;72.57889
downstream;Ahmadabad;2013;2171;2;4;Good;ahmadabad;23.02788;72.57889
downstream;Ahmadabad;2014;7690;12;4;Poor;ahmadabad;23.02788;72.57889
downstream;Ahmadabad;2015;3110;12;4;Poor;ahmadabad;23.02788;72.57889
downstream;Ahmadabad;2016;39400;12;4;Poor;ahmadabad;23.02788;72.57889
downstream;Ahmadabad;2017;47600;8;4;Poor;ahmadabad;23.02788;72.57889
downstream;Ahmadabad;2018;430;23;4;Good;ahmadabad;23.02788;72.57889
downstream;Ahmadabad;2019;33000;50;4;Poor;ahmadabad;23.02788;72.57889
downstream;Ahmadabad;2020;21800;35;4;Poor;ahmadabad;23.02788;72.57889
downstream;Ahmadabad;2021;260000;31;4;Poor;ahmadabad;23.02788;72.57889
downstream;AlQahirah (Cairo);1980;NA;0;1;NA;alqahirah (cairo);30.06696;31.28107
downstream;Bamako;1987;NA;0;1;NA;bamako;12.61913;-7.98031
downstream;Bamako;1992;12;1;1;Good;bamako;12.61913;-7.98031
downstream;Bamako;1993;116;3;1;Good;bamako;12.61913;-7.98031
downstream;Bamako;1994;12;1;1;Good;bamako;12.61913;-7.98031
downstream;Bamako;1995;9;1;1;Good;bamako;12.61913;-7.98031
downstream;Bamako;1996;4;1;1;Good;bamako;12.61913;-7.98031
downstream;Begusarai;2018;21000;22;2;Poor;begusarai;25.32052;86.03446
downstream;Begusarai;2019;21500;22;2;Poor;begusarai;25.32052;86.03446
downstream;Begusarai;2020;160000;31;2;Poor;begusarai;25.32052;86.03446
downstream;Begusarai;2021;54000;12;2;Poor;begusarai;25.32052;86.03446
downstream;Beograd;2006;NA;0;1;NA;beograd;44.72618;20.89118
downstream;Beograd;2007;NA;0;1;NA;beograd;44.72618;20.89118
downstream;Beograd;2008;NA;0;1;NA;beograd;44.72618;20.89118
downstream;Beograd;2009;NA;0;1;NA;beograd;44.72618;20.89118
downstream;Beograd;2010;NA;0;1;NA;beograd;44.72618;20.89118
downstream;Beograd;2011;NA;0;1;NA;beograd;44.72618;20.89118
downstream;Beograd;2012;NA;0;1;NA;beograd;44.72618;20.89118
downstream;Beograd;2013;NA;0;1;NA;beograd;44.72618;20.89118
downstream;Beograd;2014;NA;0;1;NA;beograd;44.72618;20.89118
downstream;Beograd;2015;NA;0;1;NA;beograd;44.72618;20.89118
downstream;Beograd;2017;NA;0;1;NA;beograd;44.72618;20.89118
downstream;Berlin;2008;NA;0;3;NA;berlin;52.50959;13.4022
downstream;Berlin;2009;NA;0;3;NA;berlin;52.50959;13.4022
downstream;Berlin;2010;NA;0;3;NA;berlin;52.50959;13.4022
downstream;Berlin;2011;NA;0;3;NA;berlin;52.50959;13.4022
downstream;Berlin;2012;NA;0;3;NA;berlin;52.50959;13.4022
downstream;Berlin;2013;NA;0;3;NA;berlin;52.50959;13.4022
downstream;Berlin;2014;NA;0;3;NA;berlin;52.50959;13.4022
downstream;Berlin;2015;NA;0;3;NA;berlin;52.50959;13.4022
downstream;Berlin;2016;NA;0;3;NA;berlin;52.50959;13.4022
downstream;Berlin;2017;NA;0;3;NA;berlin;52.50959;13.4022
downstream;Berlin;2018;NA;0;3;NA;berlin;52.50959;13.4022
downstream;Berlin;2019;NA;0;3;NA;berlin;52.50959;13.4022
downstream;Berlin;2020;NA;0;3;NA;berlin;52.50959;13.4022
downstream;Berlin;2021;NA;0;3;NA;berlin;52.50959;13.4022
downstream;Bhagalpur;1986;NA;0;2;NA;bhagalpur;25.29657;86.98478
downstream;Bhagalpur;1987;NA;0;2;NA;bhagalpur;25.29657;86.98478
downstream;Bhagalpur;1988;NA;0;2;NA;bhagalpur;25.29657;86.98478
downstream;Bhagalpur;1989;NA;0;2;NA;bhagalpur;25.29657;86.98478
downstream;Bhagalpur;1990;NA;0;2;NA;bhagalpur;25.29657;86.98478
downstream;Bhagalpur;1991;NA;0;2;NA;bhagalpur;25.29657;86.98478
downstream;Bhagalpur;1992;NA;0;2;NA;bhagalpur;25.29657;86.98478
downstream;Bhagalpur;1993;NA;0;2;NA;bhagalpur;25.29657;86.98478
downstream;Bhagalpur;1994;NA;0;2;NA;bhagalpur;25.29657;86.98478
downstream;Bhagalpur;1995;NA;0;2;NA;bhagalpur;25.29657;86.98478
downstream;Bhagalpur;1996;NA;0;2;NA;bhagalpur;25.29657;86.98478
downstream;Bhagalpur;1997;NA;0;2;NA;bhagalpur;25.29657;86.98478
downstream;Bhagalpur;1998;NA;0;2;NA;bhagalpur;25.29657;86.98478
downstream;Bhagalpur;1999;NA;0;2;NA;bhagalpur;25.29657;86.98478
downstream;Bhagalpur;2000;NA;0;2;NA;bhagalpur;25.29657;86.98478
downstream;Bhagalpur;2001;NA;0;2;NA;bhagalpur;25.29657;86.98478
downstream;Bhagalpur;2002;NA;0;2;NA;bhagalpur;25.29657;86.98478
downstream;Bhagalpur;2003;NA;0;2;NA;bhagalpur;25.29657;86.98478
downstream;Bhagalpur;2004;NA;0;2;NA;bhagalpur;25.29657;86.98478
downstream;Bhagalpur;2005;NA;0;2;NA;bhagalpur;25.29657;86.98478
downstream;Bhagalpur;2006;NA;0;2;NA;bhagalpur;25.29657;86.98478
downstream;Bhagalpur;2007;NA;0;2;NA;bhagalpur;25.29657;86.98478
downstream;Bhagalpur;2008;NA;0;2;NA;bhagalpur;25.29657;86.98478
downstream;Bhagalpur;2009;NA;0;2;NA;bhagalpur;25.29657;86.98478
downstream;Bhagalpur;2010;NA;0;2;NA;bhagalpur;25.29657;86.98478
downstream;Bhagalpur;2011;NA;0;2;NA;bhagalpur;25.29657;86.98478
downstream;Bhagalpur;2012;NA;0;2;NA;bhagalpur;25.29657;86.98478
downstream;Bhagalpur;2013;NA;0;2;NA;bhagalpur;25.29657;86.98478
downstream;Bhagalpur;2014;NA;0;2;NA;bhagalpur;25.29657;86.98478
downstream;Bhagalpur;2015;NA;0;2;NA;bhagalpur;25.29657;86.98478
downstream;Bhagalpur;2016;NA;0;2;NA;bhagalpur;25.29657;86.98478
downstream;Bhagalpur;2017;NA;0;2;NA;bhagalpur;25.29657;86.98478
downstream;Bhagalpur;2018;13000;11;2;Poor;bhagalpur;25.29657;86.98478
downstream;Bhagalpur;2019;11000;11;2;Poor;bhagalpur;25.29657;86.98478
downstream;Bhagalpur;2020;160000;10;2;Poor;bhagalpur;25.29657;86.98478
downstream;Bhagalpur;2021;160000;5;2;Poor;bhagalpur;25.29657;86.98478
downstream;Bhubaneswar;2001;11000;24;5;Poor;bhubaneswar;20.28889;85.84112
downstream;Bhubaneswar;2002;10400;24;5;Poor;bhubaneswar;20.28889;85.84112
downstream;Bhubaneswar;2003;5280;24;5;Poor;bhubaneswar;20.28889;85.84112
downstream;Bhubaneswar;2004;4210;24;5;Poor;bhubaneswar;20.28889;85.84112
downstream;Bhubaneswar;2005;17700;18;5;Poor;bhubaneswar;20.28889;85.84112
downstream;Bhubaneswar;2006;5300;13;5;Poor;bhubaneswar;20.28889;85.84112
downstream;Bhubaneswar;2007;8830;18;5;Poor;bhubaneswar;20.28889;85.84112
downstream;Bhubaneswar;2008;10200;16;5;Poor;bhubaneswar;20.28889;85.84112
downstream;Bhubaneswar;2018;160000;35;5;Poor;bhubaneswar;20.28889;85.84112
downstream;Bhubaneswar;2019;160000;35;5;Poor;bhubaneswar;20.28889;85.84112
downstream;Bhubaneswar;2020;20000;35;5;Poor;bhubaneswar;20.28889;85.84112
downstream;Bhubaneswar;2021;27300;8;5;Poor;bhubaneswar;20.28889;85.84112
downstream;Bogota;2005;NA;0;2;NA;bogota;4.6909;-74.1626
downstream;Bogota;2006;NA;0;2;NA;bogota;4.6909;-74.1626
downstream;Bogota;2007;NA;0;2;NA;bogota;4.6909;-74.1626
downstream;Bogota;2008;NA;0;2;NA;bogota;4.6909;-74.1626
downstream;Bogota;2009;NA;0;2;NA;bogota;4.6909;-74.1626
downstream;Bogota;2010;NA;0;2;NA;bogota;4.6909;-74.1626
downstream;Bogota;2011;NA;0;2;NA;bogota;4.6909;-74.1626
downstream;Bogota;2012;NA;0;2;NA;bogota;4.6909;-74.1626
downstream;Bogota;2013;NA;0;2;NA;bogota;4.6909;-74.1626
downstream;Bruxelles;1980;416;3;5;Good;bruxelles;50.84932;4.37115
downstream;Bruxelles;1981;702;4;5;Good;bruxelles;50.84932;4.37115
downstream;Bruxelles;1982;149;4;5;Good;bruxelles;50.84932;4.37115
downstream;Bruxelles;1983;1479;4;5;Good;bruxelles;50.84932;4.37115
downstream;Bruxelles;1984;83;8;5;Good;bruxelles;50.84932;4.37115
downstream;Bruxelles;1985;3220;5;5;Poor;bruxelles;50.84932;4.37115
downstream;Bruxelles;1986;2200;11;5;Poor;bruxelles;50.84932;4.37115
downstream;Bruxelles;1987;1975;26;5;Good;bruxelles;50.84932;4.37115
downstream;Bruxelles;1988;2100;21;5;Poor;bruxelles;50.84932;4.37115
downstream;Bruxelles;1989;5,47E+14;22;5;Poor;bruxelles;50.84932;4.37115
downstream;Bruxelles;1990;4800;13;5;Poor;bruxelles;50.84932;4.37115
downstream;Bruxelles;1991;2000;11;5;Good;bruxelles;50.84932;4.37115
downstream;Bruxelles;1992;12000;21;5;Poor;bruxelles;50.84932;4.37115
downstream;Bruxelles;2001;1620;9;5;Good;bruxelles;50.84932;4.37115
downstream;Bruxelles;2002;2440;9;5;Poor;bruxelles;50.84932;4.37115
downstream;Bruxelles;2003;592;12;5;Good;bruxelles;50.84932;4.37115
downstream;Bruxelles;2004;570;13;5;Good;bruxelles;50.84932;4.37115
downstream;Bruxelles;2005;750;10;5;Good;bruxelles;50.84932;4.37115
downstream;Bruxelles;2006;950;12;5;Good;bruxelles;50.84932;4.37115
downstream;Bruxelles;2007;1030;13;5;Good;bruxelles;50.84932;4.37115
downstream;Bruxelles;2008;845;12;5;Good;bruxelles;50.84932;4.37115
downstream;Bruxelles;2009;196;12;5;Good;bruxelles;50.84932;4.37115
downstream;Bruxelles;2010;NA;0;5;NA;bruxelles;50.84932;4.37115
downstream;Bruxelles;2011;NA;0;5;NA;bruxelles;50.84932;4.37115
downstream;Bruxelles;2012;NA;0;5;NA;bruxelles;50.84932;4.37115
downstream;Bruxelles;2018;NA;0;5;NA;bruxelles;50.84932;4.37115
downstream;Bruxelles;2019;NA;0;5;NA;bruxelles;50.84932;4.37115
downstream;Bruxelles;2020;NA;0;5;NA;bruxelles;50.84932;4.37115
downstream;Bruxelles;2021;NA;0;5;NA;bruxelles;50.84932;4.37115
downstream;Ciudad del Este;2018;NA;0;1;NA;ciudad del este;-25.51703;-54.61405
downstream;Ciudad del Este;2019;NA;0;1;NA;ciudad del este;-25.51703;-54.61405
downstream;Ciudad del Este;2020;NA;0;1;NA;ciudad del este;-25.51703;-54.61405
downstream;Ciudad del Este;2021;NA;0;1;NA;ciudad del este;-25.51703;-54.61405
downstream;Ciudad del Este;2022;NA;0;1;NA;ciudad del este;-25.51703;-54.61405
downstream;Culiacan;2012;223558;2;7;Poor;culiacan;24.79921;-107.4195
downstream;Culiacan;2013;24196;33;7;Poor;culiacan;24.79921;-107.4195
downstream;Culiacan;2014;241960;33;7;Poor;culiacan;24.79921;-107.4195
downstream;Culiacan;2015;241960;36;7;Poor;culiacan;24.79921;-107.4195
downstream;Culiacan;2016;4,59724E+14;40;7;Poor;culiacan;24.79921;-107.4195
downstream;Culiacan;2017;2419600;42;7;Poor;culiacan;24.79921;-107.4195
downstream;Culiacan;2018;19863000;42;7;Poor;culiacan;24.79921;-107.4195
downstream;Culiacan;2019;19840720;13;7;Poor;culiacan;24.79921;-107.4195
downstream;Culiacan;2020;24196;7;7;Poor;culiacan;24.79921;-107.4195
downstream;Culiacan;2021;NA;0;7;NA;culiacan;24.79921;-107.4195
downstream;Delhi;2008;304;10;5;Good;delhi;28.67343;77.24728
downstream;Delhi;2009;255;12;5;Good;delhi;28.67343;77.24728
downstream;Delhi;2010;195;12;5;Good;delhi;28.67343;77.24728
downstream;Delhi;2011;825;12;5;Good;delhi;28.67343;77.24728
downstream;Delhi;2012;1600;12;5;Good;delhi;28.67343;77.24728
downstream;Delhi;2013;1860;5;5;Good;delhi;28.67343;77.24728
downstream;Delhi;2014;2740;5;5;Poor;delhi;28.67343;77.24728
downstream;Delhi;2015;11600;7;5;Poor;delhi;28.67343;77.24728
downstream;Delhi;2016;34000;11;5;Poor;delhi;28.67343;77.24728
downstream;Delhi;2017;4500000;4;5;Poor;delhi;28.67343;77.24728
downstream;Delhi;2018;790000;31;5;Poor;delhi;28.67343;77.24728
downstream;Delhi;2019;490000;28;5;Poor;delhi;28.67343;77.24728
downstream;Delhi;2020;2380000;32;5;Poor;delhi;28.67343;77.24728
downstream;Delhi;2021;976000;25;5;Poor;delhi;28.67343;77.24728
downstream;Erode;1980;NA;0;1;NA;erode;11.37949;77.70709
downstream;Erode;1981;NA;0;1;NA;erode;11.37949;77.70709
downstream;Erode;1982;NA;0;1;NA;erode;11.37949;77.70709
downstream;Erode;1983;NA;0;1;NA;erode;11.37949;77.70709
downstream;Erode;1984;NA;0;1;NA;erode;11.37949;77.70709
downstream;Erode;1985;NA;0;1;NA;erode;11.37949;77.70709
downstream;Erode;1986;NA;0;1;NA;erode;11.37949;77.70709
downstream;Erode;1987;NA;0;1;NA;erode;11.37949;77.70709
downstream;Erode;1988;NA;0;1;NA;erode;11.37949;77.70709
downstream;Erode;1989;NA;0;1;NA;erode;11.37949;77.70709
downstream;Erode;1990;NA;0;1;NA;erode;11.37949;77.70709
downstream;Erode;1991;NA;0;1;NA;erode;11.37949;77.70709
downstream;Erode;1992;NA;0;1;NA;erode;11.37949;77.70709
downstream;Erode;1993;NA;0;1;NA;erode;11.37949;77.70709
downstream;Erode;1994;NA;0;1;NA;erode;11.37949;77.70709
downstream;Erode;1995;NA;0;1;NA;erode;11.37949;77.70709
downstream;Erode;1996;NA;0;1;NA;erode;11.37949;77.70709
downstream;Erode;1997;NA;0;1;NA;erode;11.37949;77.70709
downstream;Erode;1998;NA;0;1;NA;erode;11.37949;77.70709
downstream;Erode;1999;NA;0;1;NA;erode;11.37949;77.70709
downstream;Erode;2000;NA;0;1;NA;erode;11.37949;77.70709
downstream;Erode;2001;NA;0;1;NA;erode;11.37949;77.70709
downstream;Erode;2002;NA;0;1;NA;erode;11.37949;77.70709
downstream;Erode;2003;NA;0;1;NA;erode;11.37949;77.70709
downstream;Erode;2004;NA;0;1;NA;erode;11.37949;77.70709
downstream;Erode;2005;NA;0;1;NA;erode;11.37949;77.70709
downstream;Erode;2006;NA;0;1;NA;erode;11.37949;77.70709
downstream;Erode;2007;NA;0;1;NA;erode;11.37949;77.70709
downstream;Erode;2008;NA;0;1;NA;erode;11.37949;77.70709
downstream;Erode;2009;NA;0;1;NA;erode;11.37949;77.70709
downstream;Erode;2010;NA;0;1;NA;erode;11.37949;77.70709
downstream;Erode;2011;NA;0;1;NA;erode;11.37949;77.70709
downstream;Erode;2012;NA;0;1;NA;erode;11.37949;77.70709
downstream;Erode;2013;NA;0;1;NA;erode;11.37949;77.70709
downstream;Erode;2014;NA;0;1;NA;erode;11.37949;77.70709
downstream;Erode;2015;NA;0;1;NA;erode;11.37949;77.70709
downstream;Erode;2016;NA;0;1;NA;erode;11.37949;77.70709
downstream;Erode;2017;NA;0;1;NA;erode;11.37949;77.70709
downstream;Erode;2021;2020;9;1;Poor;erode;11.37949;77.70709
downstream;Farrukhabad;2019;18500;6;1;Poor;farrukhabad;27.38269;79.61425
downstream;Farrukhabad;2020;8890;12;1;Poor;farrukhabad;27.38269;79.61425
downstream;Farrukhabad;2021;7260;9;1;Poor;farrukhabad;27.38269;79.61425
downstream;Geneve;1980;NA;0;1;NA;geneve;46.20518;6.1459
downstream;Geneve;1981;NA;0;1;NA;geneve;46.20518;6.1459
downstream;Geneve;1982;NA;0;1;NA;geneve;46.20518;6.1459
downstream;Geneve;1986;NA;0;1;NA;geneve;46.20518;6.1459
downstream;Geneve;1987;NA;0;1;NA;geneve;46.20518;6.1459
downstream;Geneve;1988;NA;0;1;NA;geneve;46.20518;6.1459
downstream;Geneve;1989;NA;0;1;NA;geneve;46.20518;6.1459
downstream;Geneve;1990;NA;0;1;NA;geneve;46.20518;6.1459
downstream;Geneve;1991;NA;0;1;NA;geneve;46.20518;6.1459
downstream;Geneve;1992;NA;0;1;NA;geneve;46.20518;6.1459
downstream;Geneve;1993;NA;0;1;NA;geneve;46.20518;6.1459
downstream;Geneve;1994;NA;0;1;NA;geneve;46.20518;6.1459
downstream;Geneve;1995;NA;0;1;NA;geneve;46.20518;6.1459
downstream;Geneve;1996;NA;0;1;NA;geneve;46.20518;6.1459
downstream;Geneve;1997;NA;0;1;NA;geneve;46.20518;6.1459
downstream;Geneve;1998;NA;0;1;NA;geneve;46.20518;6.1459
downstream;Geneve;1999;NA;0;1;NA;geneve;46.20518;6.1459
downstream;Geneve;2000;NA;0;1;NA;geneve;46.20518;6.1459
downstream;Geneve;2001;NA;0;1;NA;geneve;46.20518;6.1459
downstream;Geneve;2002;NA;0;1;NA;geneve;46.20518;6.1459
downstream;Guwahati (Gauhati);1992;NA;0;6;NA;guwahati (gauhati);26.22702;91.73027
downstream;Guwahati (Gauhati);1993;NA;0;6;NA;guwahati (gauhati);26.22702;91.73027
downstream;Guwahati (Gauhati);1994;NA;0;6;NA;guwahati (gauhati);26.22702;91.73027
downstream;Guwahati (Gauhati);1995;NA;0;6;NA;guwahati (gauhati);26.22702;91.73027
downstream;Guwahati (Gauhati);1996;NA;0;6;NA;guwahati (gauhati);26.22702;91.73027
downstream;Guwahati (Gauhati);1997;NA;0;6;NA;guwahati (gauhati);26.22702;91.73027
downstream;Guwahati (Gauhati);1998;NA;0;6;NA;guwahati (gauhati);26.22702;91.73027
downstream;Guwahati (Gauhati);1999;NA;0;6;NA;guwahati (gauhati);26.22702;91.73027
downstream;Guwahati (Gauhati);2000;NA;0;6;NA;guwahati (gauhati);26.22702;91.73027
downstream;Guwahati (Gauhati);2001;NA;0;6;NA;guwahati (gauhati);26.22702;91.73027
downstream;Guwahati (Gauhati);2002;NA;0;6;NA;guwahati (gauhati);26.22702;91.73027
downstream;Guwahati (Gauhati);2003;NA;0;6;NA;guwahati (gauhati);26.22702;91.73027
downstream;Guwahati (Gauhati);2004;NA;0;6;NA;guwahati (gauhati);26.22702;91.73027
downstream;Guwahati (Gauhati);2005;NA;0;6;NA;guwahati (gauhati);26.22702;91.73027
downstream;Guwahati (Gauhati);2006;NA;0;6;NA;guwahati (gauhati);26.22702;91.73027
downstream;Guwahati (Gauhati);2007;NA;0;6;NA;guwahati (gauhati);26.22702;91.73027
downstream;Guwahati (Gauhati);2008;NA;0;6;NA;guwahati (gauhati);26.22702;91.73027
downstream;Guwahati (Gauhati);2009;NA;0;6;NA;guwahati (gauhati);26.22702;91.73027
downstream;Guwahati (Gauhati);2010;NA;0;6;NA;guwahati (gauhati);26.22702;91.73027
downstream;Guwahati (Gauhati);2011;NA;0;6;NA;guwahati (gauhati);26.22702;91.73027
downstream;Guwahati (Gauhati);2012;NA;0;6;NA;guwahati (gauhati);26.22702;91.73027
downstream;Guwahati (Gauhati);2013;NA;0;6;NA;guwahati (gauhati);26.22702;91.73027
downstream;Guwahati (Gauhati);2014;NA;0;6;NA;guwahati (gauhati);26.22702;91.73027
downstream;Guwahati (Gauhati);2015;NA;0;6;NA;guwahati (gauhati);26.22702;91.73027
downstream;Guwahati (Gauhati);2016;NA;0;6;NA;guwahati (gauhati);26.22702;91.73027
downstream;Guwahati (Gauhati);2017;22;1;6;Good;guwahati (gauhati);26.22702;91.73027
downstream;Guwahati (Gauhati);2018;1500;25;6;Good;guwahati (gauhati);26.22702;91.73027
downstream;Guwahati (Gauhati);2019;730;23;6;Good;guwahati (gauhati);26.22702;91.73027
downstream;Guwahati (Gauhati);2020;729;22;6;Good;guwahati (gauhati);26.22702;91.73027
downstream;Guwahati (Gauhati);2021;730;6;6;Good;guwahati (gauhati);26.22702;91.73027
downstream;Houston;1980;3780;9;1;Poor;houston;29.18176;-95.51876
downstream;Houston;2008;NA;0;1;NA;houston;29.18176;-95.51876
downstream;Houston;2009;NA;0;1;NA;houston;29.18176;-95.51876
downstream;Houston;2010;NA;0;1;NA;houston;29.18176;-95.51876
downstream;Houston;2011;NA;0;1;NA;houston;29.18176;-95.51876
downstream;Houston;2012;NA;0;1;NA;houston;29.18176;-95.51876
downstream;Houston;2013;NA;0;1;NA;houston;29.18176;-95.51876
downstream;Houston;2014;NA;0;1;NA;houston;29.18176;-95.51876
downstream;Houston;2015;NA;0;1;NA;houston;29.18176;-95.51876
downstream;Houston;2016;NA;0;1;NA;houston;29.18176;-95.51876
downstream;Houston;2017;NA;0;1;NA;houston;29.18176;-95.51876
downstream;Houston;2018;NA;0;1;NA;houston;29.18176;-95.51876
downstream;Houston;2019;NA;0;1;NA;houston;29.18176;-95.51876
downstream;Houston;2020;NA;0;1;NA;houston;29.18176;-95.51876
downstream;Imphal;2018;NA;0;4;NA;imphal;24.72338;93.92396
downstream;Imphal;2019;385;24;4;Good;imphal;24.72338;93.92396
downstream;Imphal;2020;61;20;4;Good;imphal;24.72338;93.92396
downstream;Imphal;2021;74;3;4;Good;imphal;24.72338;93.92396
downstream;Indianapolis;1985;NA;0;1;NA;indianapolis;39.34474;-86.60825
downstream;Indianapolis;1986;NA;0;1;NA;indianapolis;39.34474;-86.60825
downstream;Indianapolis;1987;NA;0;1;NA;indianapolis;39.34474;-86.60825
downstream;Indianapolis;1988;NA;0;1;NA;indianapolis;39.34474;-86.60825
downstream;Indianapolis;1989;NA;0;1;NA;indianapolis;39.34474;-86.60825
downstream;Indianapolis;1990;NA;0;1;NA;indianapolis;39.34474;-86.60825
downstream;Indianapolis;1991;NA;0;1;NA;indianapolis;39.34474;-86.60825
downstream;Indianapolis;1992;NA;0;1;NA;indianapolis;39.34474;-86.60825
downstream;Indianapolis;1993;NA;0;1;NA;indianapolis;39.34474;-86.60825
downstream;Indianapolis;1994;NA;0;1;NA;indianapolis;39.34474;-86.60825
downstream;Indianapolis;1995;NA;0;1;NA;indianapolis;39.34474;-86.60825
downstream;Koln (Cologne);2019;NA;0;4;NA;koln (cologne);50.95363;6.95506
downstream;Koln (Cologne);2020;NA;0;4;NA;koln (cologne);50.95363;6.95506
downstream;Koln (Cologne);2021;NA;0;4;NA;koln (cologne);50.95363;6.95506
downstream;Kota;2018;75;33;3;Good;kota;25.28743;76.00664
downstream;Kota;2019;150;31;3;Good;kota;25.28743;76.00664
downstream;Kota;2020;240;32;3;Good;kota;25.28743;76.00664
downstream;Kota;2021;240;9;3;Good;kota;25.28743;76.00664
downstream;Liege;1980;16200;23;10;Poor;liege;50.63031;5.54724
downstream;Liege;1981;15200;24;10;Poor;liege;50.63031;5.54724
downstream;Liege;1982;22000;24;10;Poor;liege;50.63031;5.54724
downstream;Liege;1983;13400;24;10;Poor;liege;50.63031;5.54724
downstream;Liege;1984;10340;27;10;Poor;liege;50.63031;5.54724
downstream;Liege;1985;33000;29;10;Poor;liege;50.63031;5.54724
downstream;Liege;1986;16250;36;10;Poor;liege;50.63031;5.54724
downstream;Liege;1987;17000;36;10;Poor;liege;50.63031;5.54724
downstream;Liege;1988;11200;26;10;Poor;liege;50.63031;5.54724
downstream;Liege;1989;12400;23;10;Poor;liege;50.63031;5.54724
downstream;Liege;1990;14000;26;10;Poor;liege;50.63031;5.54724
downstream;Liege;1991;19400;23;10;Poor;liege;50.63031;5.54724
downstream;Liege;1992;24100;24;10;Poor;liege;50.63031;5.54724
downstream;Liege;1993;4280;13;10;Poor;liege;50.63031;5.54724
downstream;Liege;1994;8300;21;10;Poor;liege;50.63031;5.54724
downstream;Liege;1995;7460;23;10;Poor;liege;50.63031;5.54724
downstream;Liege;2001;NA;0;10;NA;liege;50.63031;5.54724
downstream;Liege;2002;NA;0;10;NA;liege;50.63031;5.54724
downstream;Liege;2003;NA;0;10;NA;liege;50.63031;5.54724
downstream;Liege;2006;NA;0;10;NA;liege;50.63031;5.54724
downstream;Liege;2007;19800;13;10;Poor;liege;50.63031;5.54724
downstream;Liege;2008;28000;13;10;Poor;liege;50.63031;5.54724
downstream;Liege;2009;494;13;10;Good;liege;50.63031;5.54724
downstream;Liege;2010;11000;13;10;Poor;liege;50.63031;5.54724
downstream;Liege;2011;NA;0;10;NA;liege;50.63031;5.54724
downstream;Liege;2012;NA;0;10;NA;liege;50.63031;5.54724
downstream;Liege;2013;NA;0;10;NA;liege;50.63031;5.54724
downstream;Liege;2014;NA;0;10;NA;liege;50.63031;5.54724
downstream;Liege;2015;NA;0;10;NA;liege;50.63031;5.54724
downstream;Liege;2016;NA;0;10;NA;liege;50.63031;5.54724
downstream;Liege;2017;NA;0;10;NA;liege;50.63031;5.54724
downstream;Liege;2018;NA;0;10;NA;liege;50.63031;5.54724
downstream;Liege;2019;NA;0;10;NA;liege;50.63031;5.54724
downstream;Liege;2020;NA;0;10;NA;liege;50.63031;5.54724
downstream;Liege;2021;NA;0;10;NA;liege;50.63031;5.54724
downstream;Little Rock;1980;1593;18;2;Good;little rock;34.5657;-92.13747
downstream;Little Rock;1981;1395;22;2;Good;little rock;34.5657;-92.13747
downstream;Little Rock;1982;1139;12;2;Good;little rock;34.5657;-92.13747
downstream;Little Rock;1983;900;10;2;Good;little rock;34.5657;-92.13747
downstream;Little Rock;1984;1003;14;2;Good;little rock;34.5657;-92.13747
downstream;Little Rock;1985;3853;12;2;Good;little rock;34.5657;-92.13747
downstream;Little Rock;1986;788;12;2;Good;little rock;34.5657;-92.13747
downstream;Little Rock;1987;960;10;2;Good;little rock;34.5657;-92.13747
downstream;Little Rock;1988;1048;14;2;Good;little rock;34.5657;-92.13747
downstream;Little Rock;1989;260;10;2;Good;little rock;34.5657;-92.13747
downstream;Little Rock;1990;1620;14;2;Good;little rock;34.5657;-92.13747
downstream;Little Rock;1991;1100;10;2;Good;little rock;34.5657;-92.13747
downstream;Little Rock;1992;540;7;2;Good;little rock;34.5657;-92.13747
downstream;Little Rock;1993;196;9;2;Good;little rock;34.5657;-92.13747
downstream;Little Rock;1994;371;14;2;Good;little rock;34.5657;-92.13747
downstream;Little Rock;1995;62;8;2;Good;little rock;34.5657;-92.13747
downstream;Little Rock;1996;NA;0;2;NA;little rock;34.5657;-92.13747
downstream;Little Rock;1997;NA;0;2;NA;little rock;34.5657;-92.13747
downstream;Little Rock;1998;NA;0;2;NA;little rock;34.5657;-92.13747
downstream;Little Rock;1999;NA;0;2;NA;little rock;34.5657;-92.13747
downstream;Little Rock;2000;NA;0;2;NA;little rock;34.5657;-92.13747
downstream;Little Rock;2001;NA;0;2;NA;little rock;34.5657;-92.13747
downstream;Little Rock;2002;NA;0;2;NA;little rock;34.5657;-92.13747
downstream;Little Rock;2003;NA;0;2;NA;little rock;34.5657;-92.13747
downstream;Little Rock;2004;NA;0;2;NA;little rock;34.5657;-92.13747
downstream;Little Rock;2005;NA;0;2;NA;little rock;34.5657;-92.13747
downstream;Little Rock;2006;NA;0;2;NA;little rock;34.5657;-92.13747
downstream;Little Rock;2007;NA;0;2;NA;little rock;34.5657;-92.13747
downstream;Little Rock;2008;NA;0;2;NA;little rock;34.5657;-92.13747
downstream;Little Rock;2009;NA;0;2;NA;little rock;34.5657;-92.13747
downstream;Little Rock;2010;NA;0;2;NA;little rock;34.5657;-92.13747
downstream;Little Rock;2011;NA;0;2;NA;little rock;34.5657;-92.13747
downstream;Little Rock;2012;NA;0;2;NA;little rock;34.5657;-92.13747
downstream;Little Rock;2013;NA;0;2;NA;little rock;34.5657;-92.13747
downstream;Little Rock;2014;NA;0;2;NA;little rock;34.5657;-92.13747
downstream;Little Rock;2015;NA;0;2;NA;little rock;34.5657;-92.13747
downstream;Little Rock;2016;NA;0;2;NA;little rock;34.5657;-92.13747
downstream;Little Rock;2017;NA;0;2;NA;little rock;34.5657;-92.13747
downstream;Little Rock;2018;NA;0;2;NA;little rock;34.5657;-92.13747
downstream;Little Rock;2019;NA;0;2;NA;little rock;34.5657;-92.13747
downstream;Little Rock;2020;NA;0;2;NA;little rock;34.5657;-92.13747
downstream;Lyon;1980;NA;0;1;NA;lyon;45.75441;4.85834
downstream;Lyon;1981;NA;0;1;NA;lyon;45.75441;4.85834
downstream;Lyon;1982;NA;0;1;NA;lyon;45.75441;4.85834
downstream;Lyon;1983;NA;0;1;NA;lyon;45.75441;4.85834
downstream;Lyon;1984;NA;0;1;NA;lyon;45.75441;4.85834
downstream;Lyon;1985;NA;0;1;NA;lyon;45.75441;4.85834
downstream;Lyon;1986;NA;0;1;NA;lyon;45.75441;4.85834
downstream;Lyon;1987;NA;0;1;NA;lyon;45.75441;4.85834
downstream;Lyon;1988;NA;0;1;NA;lyon;45.75441;4.85834
downstream;Lyon;1989;NA;0;1;NA;lyon;45.75441;4.85834
downstream;Lyon;1990;NA;0;1;NA;lyon;45.75441;4.85834
downstream;Lyon;1991;NA;0;1;NA;lyon;45.75441;4.85834
downstream;Lyon;1992;NA;0;1;NA;lyon;45.75441;4.85834
downstream;Lyon;1993;NA;0;1;NA;lyon;45.75441;4.85834
downstream;Lyon;1994;NA;0;1;NA;lyon;45.75441;4.85834
downstream;Lyon;1995;NA;0;1;NA;lyon;45.75441;4.85834
downstream;Manaus;2004;NA;0;2;NA;manaus;-3.11643;-59.99617
downstream;McAllen;1986;NA;0;5;NA;mcallen;26.13418;-98.24594
downstream;McAllen;1987;NA;0;5;NA;mcallen;26.13418;-98.24594
downstream;McAllen;1988;NA;0;5;NA;mcallen;26.13418;-98.24594
downstream;McAllen;1989;NA;0;5;NA;mcallen;26.13418;-98.24594
downstream;McAllen;1990;NA;0;5;NA;mcallen;26.13418;-98.24594
downstream;McAllen;1991;NA;0;5;NA;mcallen;26.13418;-98.24594
downstream;McAllen;1992;NA;0;5;NA;mcallen;26.13418;-98.24594
downstream;McAllen;1993;NA;0;5;NA;mcallen;26.13418;-98.24594
downstream;McAllen;1994;NA;0;5;NA;mcallen;26.13418;-98.24594
downstream;McAllen;1995;NA;0;5;NA;mcallen;26.13418;-98.24594
downstream;McAllen;1996;NA;0;5;NA;mcallen;26.13418;-98.24594
downstream;McAllen;1997;NA;0;5;NA;mcallen;26.13418;-98.24594
downstream;McAllen;1998;NA;0;5;NA;mcallen;26.13418;-98.24594
downstream;McAllen;1999;NA;0;5;NA;mcallen;26.13418;-98.24594
downstream;McAllen;2000;NA;0;5;NA;mcallen;26.13418;-98.24594
downstream;McAllen;2001;NA;0;5;NA;mcallen;26.13418;-98.24594
downstream;McAllen;2002;NA;0;5;NA;mcallen;26.13418;-98.24594
downstream;McAllen;2003;NA;0;5;NA;mcallen;26.13418;-98.24594
downstream;McAllen;2004;NA;0;5;NA;mcallen;26.13418;-98.24594
downstream;McAllen;2005;NA;0;5;NA;mcallen;26.13418;-98.24594
downstream;McAllen;2012;2400;9;5;Poor;mcallen;26.13418;-98.24594
downstream;McAllen;2013;2400;17;5;Poor;mcallen;26.13418;-98.24594
downstream;McAllen;2014;24000;20;5;Poor;mcallen;26.13418;-98.24594
downstream;McAllen;2015;24196;20;5;Poor;mcallen;26.13418;-98.24594
downstream;McAllen;2016;24196;23;5;Poor;mcallen;26.13418;-98.24594
downstream;McAllen;2017;24000;24;5;Poor;mcallen;26.13418;-98.24594
downstream;McAllen;2018;24000;24;5;Poor;mcallen;26.13418;-98.24594
downstream;McAllen;2019;18180;4;5;Poor;mcallen;26.13418;-98.24594
downstream;McAllen;2020;2400;4;5;Poor;mcallen;26.13418;-98.24594
downstream;Minatitlan;1980;3940;4;6;Poor;minatitlan;17.98398;-94.53777
downstream;Minatitlan;1981;2230;2;6;Poor;minatitlan;17.98398;-94.53777
downstream;Minatitlan;1982;438;8;6;Good;minatitlan;17.98398;-94.53777
downstream;Minatitlan;1983;59;6;6;Good;minatitlan;17.98398;-94.53777
downstream;Minatitlan;1985;290;10;6;Good;minatitlan;17.98398;-94.53777
downstream;Minatitlan;1986;27400;2;6;Poor;minatitlan;17.98398;-94.53777
downstream;Minatitlan;1987;100100;2;6;Poor;minatitlan;17.98398;-94.53777
downstream;Minatitlan;1988;6199995;6;6;Poor;minatitlan;17.98398;-94.53777
downstream;Minatitlan;1989;143000;6;6;Poor;minatitlan;17.98398;-94.53777
downstream;Minatitlan;1990;43800;2;6;Poor;minatitlan;17.98398;-94.53777
downstream;Minatitlan;1991;3,744E+14;9;6;Poor;minatitlan;17.98398;-94.53777
downstream;Minatitlan;1993;3100;9;6;Poor;minatitlan;17.98398;-94.53777
downstream;Minatitlan;1994;20000;9;6;Poor;minatitlan;17.98398;-94.53777
downstream;Minatitlan;1995;7000;11;6;Poor;minatitlan;17.98398;-94.53777
downstream;Minatitlan;1996;25000;11;6;Poor;minatitlan;17.98398;-94.53777
downstream;Minatitlan;2012;21;2;6;Good;minatitlan;17.98398;-94.53777
downstream;Minatitlan;2013;2400;39;6;Poor;minatitlan;17.98398;-94.53777
downstream;Minatitlan;2014;24000;28;6;Poor;minatitlan;17.98398;-94.53777
downstream;Minatitlan;2015;14900;28;6;Poor;minatitlan;17.98398;-94.53777
downstream;Minatitlan;2016;24000;28;6;Poor;minatitlan;17.98398;-94.53777
downstream;Minatitlan;2017;217066;30;6;Poor;minatitlan;17.98398;-94.53777
downstream;Minatitlan;2018;24196;29;6;Poor;minatitlan;17.98398;-94.53777
downstream;Minatitlan;2019;149588;8;6;Poor;minatitlan;17.98398;-94.53777
downstream;Minatitlan;2020;141318;5;6;Poor;minatitlan;17.98398;-94.53777
downstream;Montreal;2012;NA;0;3;NA;montreal;45.49112;-73.67112
downstream;Montreal;2013;NA;0;3;NA;montreal;45.49112;-73.67112
downstream;Montreal;2014;NA;0;3;NA;montreal;45.49112;-73.67112
downstream;Montreal;2015;NA;0;3;NA;montreal;45.49112;-73.67112
downstream;Montreal;2016;NA;0;3;NA;montreal;45.49112;-73.67112
downstream;Montreal;2017;NA;0;3;NA;montreal;45.49112;-73.67112
downstream;Montreal;2018;NA;0;3;NA;montreal;45.49112;-73.67112
downstream;Montreal;2019;NA;0;3;NA;montreal;45.49112;-73.67112
downstream;Morelia;2012;NA;0;3;NA;morelia;19.7071;-101.19865
downstream;Morelia;2013;2400;18;3;Poor;morelia;19.7071;-101.19865
downstream;Morelia;2014;24000;18;3;Poor;morelia;19.7071;-101.19865
downstream;Morelia;2015;24000;18;3;Poor;morelia;19.7071;-101.19865
downstream;Morelia;2016;24196;18;3;Poor;morelia;19.7071;-101.19865
downstream;Morelia;2017;24000;18;3;Poor;morelia;19.7071;-101.19865
downstream;Morelia;2018;24000;18;3;Poor;morelia;19.7071;-101.19865
downstream;Morelia;2019;241960;6;3;Poor;morelia;19.7071;-101.19865
downstream;Morelia;2020;24000;3;3;Poor;morelia;19.7071;-101.19865
downstream;Munchen;2008;NA;0;1;NA;munchen;48.37231;11.79762
downstream;Munchen;2009;NA;0;1;NA;munchen;48.37231;11.79762
downstream;Munchen;2010;NA;0;1;NA;munchen;48.37231;11.79762
downstream;Munchen;2011;NA;0;1;NA;munchen;48.37231;11.79762
downstream;Munchen;2012;NA;0;1;NA;munchen;48.37231;11.79762
downstream;Munchen;2013;NA;0;1;NA;munchen;48.37231;11.79762
downstream;Munchen;2014;NA;0;1;NA;munchen;48.37231;11.79762
downstream;Munchen;2015;NA;0;1;NA;munchen;48.37231;11.79762
downstream;Munchen;2016;NA;0;1;NA;munchen;48.37231;11.79762
downstream;Munchen;2017;NA;0;1;NA;munchen;48.37231;11.79762
downstream;Munchen;2018;NA;0;1;NA;munchen;48.37231;11.79762
downstream;Munchen;2019;NA;0;1;NA;munchen;48.37231;11.79762
downstream;Munchen;2020;NA;0;1;NA;munchen;48.37231;11.79762
downstream;Munchen;2021;NA;0;1;NA;munchen;48.37231;11.79762
downstream;Muzaffarpur;2018;4780;9;2;Poor;muzaffarpur;26.13533;85.372
downstream;Muzaffarpur;2019;16000;9;2;Poor;muzaffarpur;26.13533;85.372
downstream;Muzaffarpur;2020;160000;9;2;Poor;muzaffarpur;26.13533;85.372
downstream;Muzaffarpur;2021;135000;3;2;Poor;muzaffarpur;26.13533;85.372
downstream;Nakhon Ratchasima;1990;NA;0;1;NA;nakhon ratchasima;15.04063;102.265
downstream;Nakhon Ratchasima;1991;NA;0;1;NA;nakhon ratchasima;15.04063;102.265
downstream;Nakhon Ratchasima;1992;NA;0;1;NA;nakhon ratchasima;15.04063;102.265
downstream;Nakhon Ratchasima;1994;NA;0;1;NA;nakhon ratchasima;15.04063;102.265
downstream;Oaxaca de Juarez;2012;2400;6;2;Poor;oaxaca de juarez;17.06654;-96.73314
downstream;Oaxaca de Juarez;2013;13240;12;2;Poor;oaxaca de juarez;17.06654;-96.73314
downstream;Oaxaca de Juarez;2014;24000;12;2;Poor;oaxaca de juarez;17.06654;-96.73314
downstream;Oaxaca de Juarez;2015;24000;12;2;Poor;oaxaca de juarez;17.06654;-96.73314
downstream;Oaxaca de Juarez;2016;24000;12;2;Poor;oaxaca de juarez;17.06654;-96.73314
downstream;Oaxaca de Juarez;2017;24000;11;2;Poor;oaxaca de juarez;17.06654;-96.73314
downstream;Oaxaca de Juarez;2018;24000;12;2;Poor;oaxaca de juarez;17.06654;-96.73314
downstream;Oaxaca de Juarez;2019;24000;2;2;Poor;oaxaca de juarez;17.06654;-96.73314
downstream;Oaxaca de Juarez;2020;24000;2;2;Poor;oaxaca de juarez;17.06654;-96.73314
downstream;Oaxaca de Juarez;2021;24000;2;2;Poor;oaxaca de juarez;17.06654;-96.73314
downstream;Ottappalam;2018;407;24;2;Good;ottappalam;10.79731;76.16291
downstream;Ottappalam;2019;272;22;2;Good;ottappalam;10.79731;76.16291
downstream;Ottappalam;2020;400;22;2;Good;ottappalam;10.79731;76.16291
downstream;Ottappalam;2021;150;6;2;Good;ottappalam;10.79731;76.16291
downstream;Paris;2006;NA;0;1;NA;paris;48.84683;2.31329
downstream;Paris;2007;NA;0;1;NA;paris;48.84683;2.31329
downstream;Paris;2008;NA;0;1;NA;paris;48.84683;2.31329
downstream;Paris;2009;NA;0;1;NA;paris;48.84683;2.31329
downstream;Paris;2010;NA;0;1;NA;paris;48.84683;2.31329
downstream;Paris;2011;NA;0;1;NA;paris;48.84683;2.31329
downstream;Paris;2012;NA;0;1;NA;paris;48.84683;2.31329
downstream;Paris;2013;NA;0;1;NA;paris;48.84683;2.31329
downstream;Paris;2014;NA;0;1;NA;paris;48.84683;2.31329
downstream;Paris;2015;NA;0;1;NA;paris;48.84683;2.31329
downstream;Paris;2016;NA;0;1;NA;paris;48.84683;2.31329
downstream;Paris;2017;NA;0;1;NA;paris;48.84683;2.31329
downstream;Paris;2018;NA;0;1;NA;paris;48.84683;2.31329
downstream;Paris;2019;NA;0;1;NA;paris;48.84683;2.31329
downstream;Paris;2021;NA;0;1;NA;paris;48.84683;2.31329
downstream;Patna;2018;9450;56;6;Poor;patna;25.58727;85.15155
downstream;Patna;2019;17000;57;6;Poor;patna;25.58727;85.15155
downstream;Patna;2020;160000;85;6;Poor;patna;25.58727;85.15155
downstream;Patna;2021;160000;27;6;Poor;patna;25.58727;85.15155
downstream;Pelotas;2004;NA;0;1;NA;pelotas;-31.83706;-52.41087
downstream;Phnum Penh;1993;NA;0;4;NA;phnum penh;11.57982;105.12175
downstream;Phnum Penh;1994;NA;0;4;NA;phnum penh;11.57982;105.12175
downstream;Phnum Penh;1995;NA;0;4;NA;phnum penh;11.57982;105.12175
downstream;Phnum Penh;2000;NA;0;4;NA;phnum penh;11.57982;105.12175
downstream;Phnum Penh;2001;NA;0;4;NA;phnum penh;11.57982;105.12175
downstream;Phnum Penh;2002;NA;0;4;NA;phnum penh;11.57982;105.12175
downstream;Phnum Penh;2003;NA;0;4;NA;phnum penh;11.57982;105.12175
downstream;Phnum Penh;2004;NA;0;4;NA;phnum penh;11.57982;105.12175
downstream;Phnum Penh;2005;NA;0;4;NA;phnum penh;11.57982;105.12175
downstream;Phnum Penh;2006;NA;0;4;NA;phnum penh;11.57982;105.12175
downstream;Phnum Penh;2007;NA;0;4;NA;phnum penh;11.57982;105.12175
downstream;Phnum Penh;2008;NA;0;4;NA;phnum penh;11.57982;105.12175
downstream;Porto Velho;2004;NA;0;1;NA;porto velho;-8.73004;-63.89876
downstream;Praha;2004;NA;0;3;NA;praha;50.33495;14.36135
downstream;Praha;2005;NA;0;3;NA;praha;50.33495;14.36135
downstream;Praha;2006;NA;0;3;NA;praha;50.33495;14.36135
downstream;Praha;2007;NA;0;3;NA;praha;50.33495;14.36135
downstream;Praha;2008;NA;0;3;NA;praha;50.33495;14.36135
downstream;Praha;2009;NA;0;3;NA;praha;50.33495;14.36135
downstream;Praha;2010;NA;0;3;NA;praha;50.33495;14.36135
downstream;Praha;2011;NA;0;3;NA;praha;50.33495;14.36135
downstream;Praha;2012;NA;0;3;NA;praha;50.33495;14.36135
downstream;Praha;2013;NA;0;3;NA;praha;50.33495;14.36135
downstream;Praha;2014;NA;0;3;NA;praha;50.33495;14.36135
downstream;Praha;2015;NA;0;3;NA;praha;50.33495;14.36135
downstream;Praha;2016;NA;0;3;NA;praha;50.33495;14.36135
downstream;Praha;2018;NA;0;3;NA;praha;50.33495;14.36135
downstream;Praha;2019;NA;0;3;NA;praha;50.33495;14.36135
downstream;Praha;2020;NA;0;3;NA;praha;50.33495;14.36135
downstream;Praha;2021;NA;0;3;NA;praha;50.33495;14.36135
downstream;Praha;2022;NA;0;3;NA;praha;50.33495;14.36135
downstream;Puerto Alegre;2004;NA;0;1;NA;puerto alegre;-30.07275;-51.17693
downstream;Queretaro;2012;24196;1;4;Poor;queretaro;20.60027;-100.41385
downstream;Queretaro;2013;24196;19;4;Poor;queretaro;20.60027;-100.41385
downstream;Queretaro;2014;24196;24;4;Poor;queretaro;20.60027;-100.41385
downstream;Queretaro;2015;241960;24;4;Poor;queretaro;20.60027;-100.41385
downstream;Queretaro;2016;4,59724E+14;20;4;Poor;queretaro;20.60027;-100.41385
downstream;Queretaro;2017;2419600;18;4;Poor;queretaro;20.60027;-100.41385
downstream;Queretaro;2018;3431920;18;4;Poor;queretaro;20.60027;-100.41385
downstream;Queretaro;2019;7414792;3;4;Poor;queretaro;20.60027;-100.41385
downstream;Queretaro;2020;2419600;3;4;Poor;queretaro;20.60027;-100.41385
downstream;Raniganj;2018;21500;12;1;Poor;raniganj;23.42558;87.38588
downstream;Raniganj;2019;13900;12;1;Poor;raniganj;23.42558;87.38588
downstream;Raniganj;2020;4820;9;1;Poor;raniganj;23.42558;87.38588
downstream;Raniganj;2021;4060;3;1;Poor;raniganj;23.42558;87.38588
downstream;Roma;2007;NA;0;2;NA;roma;41.89501;12.53195
downstream;Roma;2008;NA;0;2;NA;roma;41.89501;12.53195
downstream;Roma;2009;NA;0;2;NA;roma;41.89501;12.53195
downstream;Roma;2010;NA;0;2;NA;roma;41.89501;12.53195
downstream;Roma;2011;NA;0;2;NA;roma;41.89501;12.53195
downstream;Roma;2017;NA;0;2;NA;roma;41.89501;12.53195
downstream;Roma;2018;NA;0;2;NA;roma;41.89501;12.53195
downstream;Roma;2019;NA;0;2;NA;roma;41.89501;12.53195
downstream;Roma;2020;NA;0;2;NA;roma;41.89501;12.53195
downstream;Roma;2021;NA;0;2;NA;roma;41.89501;12.53195
downstream;Rosario;2019;NA;0;1;NA;rosario;-32.79936;-60.60236
downstream;Rosario;2020;NA;0;1;NA;rosario;-32.79936;-60.60236
downstream;Rosario;2021;NA;0;1;NA;rosario;-32.79936;-60.60236
downstream;Rosario;2022;NA;0;1;NA;rosario;-32.79936;-60.60236
downstream;Sakarya;1980;NA;0;1;NA;sakarya;40.76284;30.46539
downstream;Sakarya;1981;NA;0;1;NA;sakarya;40.76284;30.46539
downstream;Sakarya;1982;NA;0;1;NA;sakarya;40.76284;30.46539
downstream;Sakarya;1983;NA;0;1;NA;sakarya;40.76284;30.46539
downstream;Sakarya;1984;NA;0;1;NA;sakarya;40.76284;30.46539
downstream;Sakarya;1985;NA;0;1;NA;sakarya;40.76284;30.46539
downstream;Sakarya;1986;NA;0;1;NA;sakarya;40.76284;30.46539
downstream;Sakarya;1987;97000;10;1;Poor;sakarya;40.76284;30.46539
downstream;Santiago (de Chile);1988;NA;0;2;NA;santiago (de chile);-33.48131;-70.65196
downstream;Santiago (de Chile);1989;NA;0;2;NA;santiago (de chile);-33.48131;-70.65196
downstream;Santiago (de Chile);1990;NA;0;2;NA;santiago (de chile);-33.48131;-70.65196
downstream;Santiago (de Chile);1991;NA;0;2;NA;santiago (de chile);-33.48131;-70.65196
downstream;Santiago (de Chile);1992;NA;0;2;NA;santiago (de chile);-33.48131;-70.65196
downstream;Santiago (de Chile);1993;NA;0;2;NA;santiago (de chile);-33.48131;-70.65196
downstream;Santiago (de Chile);1994;NA;0;2;NA;santiago (de chile);-33.48131;-70.65196
downstream;Santiago (de Chile);1995;NA;0;2;NA;santiago (de chile);-33.48131;-70.65196
downstream;Santiago (de Chile);1997;NA;0;2;NA;santiago (de chile);-33.48131;-70.65196
downstream;Santiago (de Chile);1998;NA;0;2;NA;santiago (de chile);-33.48131;-70.65196
downstream;Santiago (de Chile);1999;NA;0;2;NA;santiago (de chile);-33.48131;-70.65196
downstream;Santiago (de Chile);2000;NA;0;2;NA;santiago (de chile);-33.48131;-70.65196
downstream;Santiago (de Chile);2001;NA;0;2;NA;santiago (de chile);-33.48131;-70.65196
downstream;Santiago (de Chile);2002;NA;0;2;NA;santiago (de chile);-33.48131;-70.65196
downstream;Santiago (de Chile);2003;NA;0;2;NA;santiago (de chile);-33.48131;-70.65196
downstream;Santiago (de Chile);2004;NA;0;2;NA;santiago (de chile);-33.48131;-70.65196
downstream;Santiago (de Chile);2005;NA;0;2;NA;santiago (de chile);-33.48131;-70.65196
downstream;Santiago (de Chile);2006;NA;0;2;NA;santiago (de chile);-33.48131;-70.65196
downstream;Santiago (de Chile);2007;NA;0;2;NA;santiago (de chile);-33.48131;-70.65196
downstream;Santiago (de Chile);2008;NA;0;2;NA;santiago (de chile);-33.48131;-70.65196
downstream;Santiago (de Chile);2009;NA;0;2;NA;santiago (de chile);-33.48131;-70.65196
downstream;Santiago (de Chile);2010;NA;0;2;NA;santiago (de chile);-33.48131;-70.65196
downstream;Santiago (de Chile);2011;NA;0;2;NA;santiago (de chile);-33.48131;-70.65196
downstream;Santiago (de Chile);2012;NA;0;2;NA;santiago (de chile);-33.48131;-70.65196
downstream;Santiago (de Chile);2013;NA;0;2;NA;santiago (de chile);-33.48131;-70.65196
downstream;Santiago (de Chile);2014;NA;0;2;NA;santiago (de chile);-33.48131;-70.65196
downstream;Santiago (de Chile);2015;NA;0;2;NA;santiago (de chile);-33.48131;-70.65196
downstream;Santiago (de Chile);2016;NA;0;2;NA;santiago (de chile);-33.48131;-70.65196
downstream;Santiago (de Chile);2017;NA;0;2;NA;santiago (de chile);-33.48131;-70.65196
downstream;Santiago (de Chile);2018;NA;0;2;NA;santiago (de chile);-33.48131;-70.65196
downstream;Satna;2018;13;6;3;Good;satna;24.62443;81.03382
downstream;Satna;2019;36400;12;3;Poor;satna;24.62443;81.03382
downstream;Satna;2020;13400;13;3;Poor;satna;24.62443;81.03382
downstream;Satna;2021;6070;14;3;Poor;satna;24.62443;81.03382
downstream;Shimoga;2018;8000;10;1;Poor;shimoga;13.93018;75.57453
downstream;Shimoga;2019;1300;9;1;Good;shimoga;13.93018;75.57453
downstream;Shimoga;2020;800;2;1;Good;shimoga;13.93018;75.57453
downstream;Shimoga;2021;NA;0;1;NA;shimoga;13.93018;75.57453
downstream;Skopje;2002;NA;0;2;NA;skopje;41.89908;21.62447
downstream;Skopje;2003;NA;0;2;NA;skopje;41.89908;21.62447
downstream;Skopje;2004;NA;0;2;NA;skopje;41.89908;21.62447
downstream;Skopje;2005;NA;0;2;NA;skopje;41.89908;21.62447
downstream;Skopje;2006;NA;0;2;NA;skopje;41.89908;21.62447
downstream;Skopje;2007;NA;0;2;NA;skopje;41.89908;21.62447
downstream;Skopje;2008;NA;0;2;NA;skopje;41.89908;21.62447
downstream;Skopje;2009;NA;0;2;NA;skopje;41.89908;21.62447
downstream;Skopje;2010;NA;0;2;NA;skopje;41.89908;21.62447
downstream;Skopje;2011;NA;0;2;NA;skopje;41.89908;21.62447
downstream;Skopje;2012;NA;0;2;NA;skopje;41.89908;21.62447
downstream;Skopje;2013;NA;0;2;NA;skopje;41.89908;21.62447
downstream;Skopje;2014;NA;0;2;NA;skopje;41.89908;21.62447
downstream;Skopje;2015;NA;0;2;NA;skopje;41.89908;21.62447
downstream;Skopje;2016;NA;0;2;NA;skopje;41.89908;21.62447
downstream;Skopje;2017;NA;0;2;NA;skopje;41.89908;21.62447
downstream;Skopje;2018;NA;0;2;NA;skopje;41.89908;21.62447
downstream;Skopje;2019;NA;0;2;NA;skopje;41.89908;21.62447
downstream;Skopje;2020;NA;0;2;NA;skopje;41.89908;21.62447
downstream;Skopje;2021;NA;0;2;NA;skopje;41.89908;21.62447
downstream;Srinagar;2004;NA;0;4;NA;srinagar;34.09194;74.81543
downstream;Srinagar;2005;NA;0;4;NA;srinagar;34.09194;74.81543
downstream;Srinagar;2006;NA;0;4;NA;srinagar;34.09194;74.81543
downstream;Srinagar;2007;NA;0;4;NA;srinagar;34.09194;74.81543
downstream;Srinagar;2008;9;1;4;Good;srinagar;34.09194;74.81543
downstream;Srinagar;2009;4;2;4;Good;srinagar;34.09194;74.81543
downstream;Srinagar;2010;7;10;4;Good;srinagar;34.09194;74.81543
downstream;Srinagar;2011;88;12;4;Good;srinagar;34.09194;74.81543
downstream;Srinagar;2012;74;9;4;Good;srinagar;34.09194;74.81543
downstream;Srinagar;2013;9;1;4;Good;srinagar;34.09194;74.81543
downstream;Srinagar;2014;246;5;4;Good;srinagar;34.09194;74.81543
downstream;Srinagar;2015;NA;0;4;NA;srinagar;34.09194;74.81543
downstream;Srinagar;2016;NA;0;4;NA;srinagar;34.09194;74.81543
downstream;Srinagar;2017;NA;0;4;NA;srinagar;34.09194;74.81543
downstream;Srinagar;2018;NA;0;4;NA;srinagar;34.09194;74.81543
downstream;Srinagar;2019;NA;0;4;NA;srinagar;34.09194;74.81543
downstream;Srinagar;2020;NA;0;4;NA;srinagar;34.09194;74.81543
downstream;Srinagar;2021;NA;0;4;NA;srinagar;34.09194;74.81543
downstream;São Paulo;2001;120000;26;7;Poor;sao paulo;-23.58455;-46.591079999999998
downstream;São Paulo;2002;27000;26;7;Poor;sao paulo;-23.58455;-46.591079999999998
downstream;São Paulo;2003;6,29E+14;28;7;Poor;sao paulo;-23.58455;-46.591079999999998
downstream;São Paulo;2004;168000;29;7;Poor;sao paulo;-23.58455;-46.591079999999998
downstream;São Paulo;2005;300000;24;7;Poor;sao paulo;-23.58455;-46.591079999999998
downstream;São Paulo;2006;130000;23;7;Poor;sao paulo;-23.58455;-46.591079999999998
downstream;São Paulo;2007;300000;24;7;Poor;sao paulo;-23.58455;-46.591079999999998
downstream;São Paulo;2008;210000;23;7;Poor;sao paulo;-23.58455;-46.591079999999998
downstream;São Paulo;2009;241000;24;7;Poor;sao paulo;-23.58455;-46.591079999999998
downstream;São Paulo;2010;116200;23;7;Poor;sao paulo;-23.58455;-46.591079999999998
downstream;São Paulo;2011;162400;23;7;Poor;sao paulo;-23.58455;-46.591079999999998
downstream;São Paulo;2012;NA;0;7;NA;sao paulo;-23.58455;-46.591079999999998
downstream;São Paulo;2013;NA;0;7;NA;sao paulo;-23.58455;-46.591079999999998
downstream;São Paulo;2014;NA;0;7;NA;sao paulo;-23.58455;-46.591079999999998
downstream;São Paulo;2015;NA;0;7;NA;sao paulo;-23.58455;-46.591079999999998
downstream;Tiruchirappalli;2001;40;3;1;Good;tiruchirappalli;10.82377;78.7439
downstream;Tiruchirappalli;2002;40;1;1;Good;tiruchirappalli;10.82377;78.7439
downstream;Tiruchirappalli;2003;40;1;1;Good;tiruchirappalli;10.82377;78.7439
downstream;Tiruchirappalli;2005;400;1;1;Good;tiruchirappalli;10.82377;78.7439
downstream;Tiruchirappalli;2006;314;2;1;Good;tiruchirappalli;10.82377;78.7439
downstream;Tiruchirappalli;2007;666;3;1;Good;tiruchirappalli;10.82377;78.7439
downstream;Tiruchirappalli;2008;1253;4;1;Good;tiruchirappalli;10.82377;78.7439
downstream;Torino;2007;NA;0;7;NA;torino;45.07141;7.65385
downstream;Torino;2008;NA;0;7;NA;torino;45.07141;7.65385
downstream;Torino;2010;NA;0;7;NA;torino;45.07141;7.65385
downstream;Torino;2011;NA;0;7;NA;torino;45.07141;7.65385
downstream;Torino;2012;NA;0;7;NA;torino;45.07141;7.65385
downstream;Torino;2015;NA;0;7;NA;torino;45.07141;7.65385
downstream;Torino;2016;NA;0;7;NA;torino;45.07141;7.65385
downstream;Torino;2017;NA;0;7;NA;torino;45.07141;7.65385
downstream;Torino;2018;NA;0;7;NA;torino;45.07141;7.65385
downstream;Torino;2019;NA;0;7;NA;torino;45.07141;7.65385
downstream;Torino;2020;NA;0;7;NA;torino;45.07141;7.65385
downstream;Torino;2021;NA;0;7;NA;torino;45.07141;7.65385
downstream;Torino;2022;NA;0;7;NA;torino;45.07141;7.65385
downstream;Ufa;1987;NA;0;3;NA;ufa;55.13683;55.62387
downstream;Ufa;1988;NA;0;3;NA;ufa;55.13683;55.62387
downstream;Ufa;1989;NA;0;3;NA;ufa;55.13683;55.62387
downstream;Ufa;1990;NA;0;3;NA;ufa;55.13683;55.62387
downstream;Ufa;1991;NA;0;3;NA;ufa;55.13683;55.62387
downstream;Ufa;1992;NA;0;3;NA;ufa;55.13683;55.62387
downstream;Ufa;1993;NA;0;3;NA;ufa;55.13683;55.62387
downstream;Ufa;1994;NA;0;3;NA;ufa;55.13683;55.62387
downstream;Ufa;1997;NA;0;3;NA;ufa;55.13683;55.62387
downstream;Ufa;1998;NA;0;3;NA;ufa;55.13683;55.62387
downstream;Ufa;1999;NA;0;3;NA;ufa;55.13683;55.62387
downstream;Ufa;2001;NA;0;3;NA;ufa;55.13683;55.62387
downstream;Ufa;2002;NA;0;3;NA;ufa;55.13683;55.62387
downstream;Ufa;2003;NA;0;3;NA;ufa;55.13683;55.62387
downstream;Ufa;2010;NA;0;3;NA;ufa;55.13683;55.62387
downstream;Ufa;2011;NA;0;3;NA;ufa;55.13683;55.62387
downstream;Ufa;2012;NA;0;3;NA;ufa;55.13683;55.62387
downstream;Ufa;2013;NA;0;3;NA;ufa;55.13683;55.62387
downstream;Ufa;2015;NA;0;3;NA;ufa;55.13683;55.62387
downstream;Ufa;2016;NA;0;3;NA;ufa;55.13683;55.62387
downstream;Ufa;2017;NA;0;3;NA;ufa;55.13683;55.62387
downstream;Ufa;2018;NA;0;3;NA;ufa;55.13683;55.62387
downstream;Ufa;2019;NA;0;3;NA;ufa;55.13683;55.62387
downstream;Ufa;2020;NA;0;3;NA;ufa;55.13683;55.62387
downstream;Ufa;2021;NA;0;3;NA;ufa;55.13683;55.62387
downstream;Ufa;2022;NA;0;3;NA;ufa;55.13683;55.62387
downstream;Vilnius;2011;NA;0;1;NA;vilnius;54.75622;24.99427
downstream;Vilnius;2012;NA;0;1;NA;vilnius;54.75622;24.99427
downstream;Vilnius;2013;NA;0;1;NA;vilnius;54.75622;24.99427
downstream;Vilnius;2014;NA;0;1;NA;vilnius;54.75622;24.99427
downstream;Vilnius;2015;NA;0;1;NA;vilnius;54.75622;24.99427
downstream;Vilnius;2016;NA;0;1;NA;vilnius;54.75622;24.99427
downstream;Vilnius;2017;NA;0;1;NA;vilnius;54.75622;24.99427
downstream;Vilnius;2018;NA;0;1;NA;vilnius;54.75622;24.99427
downstream;Vilnius;2019;NA;0;1;NA;vilnius;54.75622;24.99427
downstream;Vilnius;2020;NA;0;1;NA;vilnius;54.75622;24.99427
downstream;Vilnius;2021;NA;0;1;NA;vilnius;54.75622;24.99427
downstream;Vilnius;2022;NA;0;1;NA;vilnius;54.75622;24.99427
downstream;Wuhan;1980;1100;24;1;Good;wuhan;30.49694;114.86807
downstream;Wuhan;1981;483;24;1;Good;wuhan;30.49694;114.86807
downstream;Wuhan;1982;540;24;1;Good;wuhan;30.49694;114.86807
downstream;Wuhan;1983;3500;24;1;Poor;wuhan;30.49694;114.86807
downstream;Wuhan;1984;3110;24;1;Poor;wuhan;30.49694;114.86807
downstream;Wuhan;1985;1262;12;1;Good;wuhan;30.49694;114.86807
downstream;Wuhan;1986;760;12;1;Good;wuhan;30.49694;114.86807
downstream;Wuhan;1987;2090;12;1;Poor;wuhan;30.49694;114.86807
downstream;Wuhan;1988;1640;12;1;Good;wuhan;30.49694;114.86807
downstream;Wuhan;1989;1370;12;1;Good;wuhan;30.49694;114.86807
downstream;Wuhan;1990;1280;12;1;Good;wuhan;30.49694;114.86807
downstream;Wuhan;1991;781;12;1;Good;wuhan;30.49694;114.86807
downstream;Wuhan;1992;1370;12;1;Good;wuhan;30.49694;114.86807
downstream;Wuhan;1994;448;4;1;Good;wuhan;30.49694;114.86807
downstream;Wuhan;1995;405;6;1;Good;wuhan;30.49694;114.86807
downstream;Wuhan;1996;180;6;1;Good;wuhan;30.49694;114.86807
downstream;Zaghreb;2010;NA;0;1;NA;zaghreb;45.65263;16.31464
downstream;Zaghreb;2011;NA;0;1;NA;zaghreb;45.65263;16.31464
downstream;Zaghreb;2012;NA;0;1;NA;zaghreb;45.65263;16.31464
downstream;Zaghreb;2013;NA;0;1;NA;zaghreb;45.65263;16.31464
downstream;Zaghreb;2014;NA;0;1;NA;zaghreb;45.65263;16.31464
downstream;Zaghreb;2015;NA;0;1;NA;zaghreb;45.65263;16.31464
downstream;Zaghreb;2016;NA;0;1;NA;zaghreb;45.65263;16.31464
downstream;Zaghreb;2017;NA;0;1;NA;zaghreb;45.65263;16.31464
downstream;Zaghreb;2018;NA;0;1;NA;zaghreb;45.65263;16.31464
downstream;Zaghreb;2019;NA;0;1;NA;zaghreb;45.65263;16.31464
downstream;Zaghreb;2021;NA;0;1;NA;zaghreb;45.65263;16.31464
downstream;Zaghreb;2022;NA;0;1;NA;zaghreb;45.65263;16.31464
upstream;Agra;2018;2404400;8;1;Poor;agra;27.18413;78.00319
upstream;Agra;2019;12200;9;1;Poor;agra;27.18413;78.00319
upstream;Agra;2020;6,736E+14;9;1;Poor;agra;27.18413;78.00319
upstream;Agra;2021;28980;3;1;Poor;agra;27.18413;78.00319
upstream;Ahmadabad;2018;546;15;2;Good;ahmadabad;23.02788;72.57889
upstream;Ahmadabad;2019;83;11;2;Good;ahmadabad;23.02788;72.57889
upstream;Ahmadabad;2020;624;13;2;Good;ahmadabad;23.02788;72.57889
upstream;Ahmadabad;2021;12;3;2;Good;ahmadabad;23.02788;72.57889
upstream;Ankara;1993;NA;0;5;NA;ankara;39.8949;32.87391
upstream;Ankara;1994;NA;0;5;NA;ankara;39.8949;32.87391
upstream;Ankara;1995;NA;0;5;NA;ankara;39.8949;32.87391
upstream;Ankara;1996;NA;0;5;NA;ankara;39.8949;32.87391
upstream;Ankara;1997;NA;0;5;NA;ankara;39.8949;32.87391
upstream;Ankara;1998;NA;0;5;NA;ankara;39.8949;32.87391
upstream;Ankara;1999;NA;0;5;NA;ankara;39.8949;32.87391
upstream;Ankara;2000;NA;0;5;NA;ankara;39.8949;32.87391
upstream;Ankara;2001;NA;0;5;NA;ankara;39.8949;32.87391
upstream;Ankara;2002;NA;0;5;NA;ankara;39.8949;32.87391
upstream;Bamako;1992;20;3;3;Good;bamako;12.61913;-7.98031
upstream;Bamako;1993;30;9;3;Good;bamako;12.61913;-7.98031
upstream;Bamako;1994;196;3;3;Good;bamako;12.61913;-7.98031
upstream;Bamako;1995;362;3;3;Good;bamako;12.61913;-7.98031
upstream;Bamako;1996;NA;0;3;NA;bamako;12.61913;-7.98031
upstream;Basel;2008;NA;0;2;NA;basel;47.563;7.61525
upstream;Basel;2009;NA;0;2;NA;basel;47.563;7.61525
upstream;Basel;2010;NA;0;2;NA;basel;47.563;7.61525
upstream;Basel;2011;NA;0;2;NA;basel;47.563;7.61525
upstream;Basel;2012;NA;0;2;NA;basel;47.563;7.61525
upstream;Basel;2013;NA;0;2;NA;basel;47.563;7.61525
upstream;Basel;2014;NA;0;2;NA;basel;47.563;7.61525
upstream;Basel;2015;NA;0;2;NA;basel;47.563;7.61525
upstream;Basel;2016;NA;0;2;NA;basel;47.563;7.61525
upstream;Basel;2017;NA;0;2;NA;basel;47.563;7.61525
upstream;Basel;2018;NA;0;2;NA;basel;47.563;7.61525
upstream;Basel;2019;NA;0;2;NA;basel;47.563;7.61525
upstream;Basel;2020;NA;0;2;NA;basel;47.563;7.61525
upstream;Basel;2021;NA;0;2;NA;basel;47.563;7.61525
upstream;Begusarai;2018;11000;21;2;Poor;begusarai;25.32052;86.03446
upstream;Begusarai;2019;22000;21;2;Poor;begusarai;25.32052;86.03446
upstream;Begusarai;2020;160000;33;2;Poor;begusarai;25.32052;86.03446
upstream;Begusarai;2021;153200;12;2;Poor;begusarai;25.32052;86.03446
upstream;Belém;2004;NA;0;1;NA;belem;-1.53193;-48.06016
upstream;Beograd;2000;NA;0;1;NA;beograd;44.72618;20.89118
upstream;Beograd;2001;NA;0;1;NA;beograd;44.72618;20.89118
upstream;Beograd;2002;NA;0;1;NA;beograd;44.72618;20.89118
upstream;Beograd;2003;NA;0;1;NA;beograd;44.72618;20.89118
upstream;Beograd;2006;NA;0;1;NA;beograd;44.72618;20.89118
upstream;Beograd;2007;NA;0;1;NA;beograd;44.72618;20.89118
upstream;Beograd;2008;NA;0;1;NA;beograd;44.72618;20.89118
upstream;Beograd;2009;NA;0;1;NA;beograd;44.72618;20.89118
upstream;Beograd;2010;NA;0;1;NA;beograd;44.72618;20.89118
upstream;Beograd;2011;NA;0;1;NA;beograd;44.72618;20.89118
upstream;Beograd;2012;NA;0;1;NA;beograd;44.72618;20.89118
upstream;Beograd;2013;NA;0;1;NA;beograd;44.72618;20.89118
upstream;Beograd;2014;NA;0;1;NA;beograd;44.72618;20.89118
upstream;Beograd;2015;NA;0;1;NA;beograd;44.72618;20.89118
upstream;Beograd;2016;NA;0;1;NA;beograd;44.72618;20.89118
upstream;Beograd;2017;NA;0;1;NA;beograd;44.72618;20.89118
upstream;Beograd;2018;NA;0;1;NA;beograd;44.72618;20.89118
upstream;Beograd;2019;NA;0;1;NA;beograd;44.72618;20.89118
upstream;Beograd;2020;NA;0;1;NA;beograd;44.72618;20.89118
upstream;Berlin;2008;NA;0;1;NA;berlin;52.50959;13.4022
upstream;Berlin;2009;NA;0;1;NA;berlin;52.50959;13.4022
upstream;Berlin;2010;NA;0;1;NA;berlin;52.50959;13.4022
upstream;Berlin;2011;NA;0;1;NA;berlin;52.50959;13.4022
upstream;Berlin;2012;NA;0;1;NA;berlin;52.50959;13.4022
upstream;Berlin;2013;NA;0;1;NA;berlin;52.50959;13.4022
upstream;Berlin;2014;NA;0;1;NA;berlin;52.50959;13.4022
upstream;Berlin;2015;NA;0;1;NA;berlin;52.50959;13.4022
upstream;Berlin;2016;NA;0;1;NA;berlin;52.50959;13.4022
upstream;Berlin;2017;NA;0;1;NA;berlin;52.50959;13.4022
upstream;Berlin;2018;NA;0;1;NA;berlin;52.50959;13.4022
upstream;Berlin;2019;NA;0;1;NA;berlin;52.50959;13.4022
upstream;Berlin;2020;NA;0;1;NA;berlin;52.50959;13.4022
upstream;Berlin;2021;NA;0;1;NA;berlin;52.50959;13.4022
upstream;Bhagalpur;2018;21000;22;2;Poor;bhagalpur;25.29657;86.98478
upstream;Bhagalpur;2019;17000;22;2;Poor;bhagalpur;25.29657;86.98478
upstream;Bhagalpur;2020;160000;28;2;Poor;bhagalpur;25.29657;86.98478
upstream;Bhagalpur;2021;160000;12;2;Poor;bhagalpur;25.29657;86.98478
upstream;Bratislava;2004;NA;0;1;NA;bratislava;48.14206;17.11063
upstream;Bratislava;2005;NA;0;1;NA;bratislava;48.14206;17.11063
upstream;Bratislava;2006;NA;0;1;NA;bratislava;48.14206;17.11063
upstream;Bratislava;2007;NA;0;1;NA;bratislava;48.14206;17.11063
upstream;Bratislava;2008;NA;0;1;NA;bratislava;48.14206;17.11063
upstream;Bratislava;2009;NA;0;1;NA;bratislava;48.14206;17.11063
upstream;Bratislava;2010;NA;0;1;NA;bratislava;48.14206;17.11063
upstream;Bratislava;2011;NA;0;1;NA;bratislava;48.14206;17.11063
upstream;Bratislava;2012;NA;0;1;NA;bratislava;48.14206;17.11063
upstream;Bratislava;2013;NA;0;1;NA;bratislava;48.14206;17.11063
upstream;Bratislava;2014;NA;0;1;NA;bratislava;48.14206;17.11063
upstream;Bratislava;2015;NA;0;1;NA;bratislava;48.14206;17.11063
upstream;Bratislava;2016;NA;0;1;NA;bratislava;48.14206;17.11063
upstream;Bratislava;2017;NA;0;1;NA;bratislava;48.14206;17.11063
upstream;Bratislava;2018;NA;0;1;NA;bratislava;48.14206;17.11063
upstream;Bratislava;2021;NA;0;1;NA;bratislava;48.14206;17.11063
upstream;Bruxelles;2006;NA;0;2;NA;bruxelles;50.84932;4.37115
upstream;Bruxelles;2007;NA;0;2;NA;bruxelles;50.84932;4.37115
upstream;Bruxelles;2008;NA;0;2;NA;bruxelles;50.84932;4.37115
upstream;Bruxelles;2009;NA;0;2;NA;bruxelles;50.84932;4.37115
upstream;Bruxelles;2010;NA;0;2;NA;bruxelles;50.84932;4.37115
upstream;Bruxelles;2011;NA;0;2;NA;bruxelles;50.84932;4.37115
upstream;Bruxelles;2012;NA;0;2;NA;bruxelles;50.84932;4.37115
upstream;Bruxelles;2013;NA;0;2;NA;bruxelles;50.84932;4.37115
upstream;Bruxelles;2014;NA;0;2;NA;bruxelles;50.84932;4.37115
upstream;Bruxelles;2015;NA;0;2;NA;bruxelles;50.84932;4.37115
upstream;Bruxelles;2016;NA;0;2;NA;bruxelles;50.84932;4.37115
upstream;Bruxelles;2017;NA;0;2;NA;bruxelles;50.84932;4.37115
upstream;Bruxelles;2018;NA;0;2;NA;bruxelles;50.84932;4.37115
upstream;Bruxelles;2019;NA;0;2;NA;bruxelles;50.84932;4.37115
upstream;Bruxelles;2020;NA;0;2;NA;bruxelles;50.84932;4.37115
upstream;Bruxelles;2021;NA;0;2;NA;bruxelles;50.84932;4.37115
upstream;Buenos Aires;2019;NA;0;2;NA;buenos aires;-33.68783;-59.03308
upstream;Buenos Aires;2020;NA;0;2;NA;buenos aires;-33.68783;-59.03308
upstream;Buenos Aires;2021;NA;0;2;NA;buenos aires;-33.68783;-59.03308
upstream;Buenos Aires;2022;NA;0;2;NA;buenos aires;-33.68783;-59.03308
upstream;Calgary;2000;12;12;1;Good;calgary;51.15272;-114.81382
upstream;Calgary;2001;29;12;1;Good;calgary;51.15272;-114.81382
upstream;Calgary;2002;2;12;1;Good;calgary;51.15272;-114.81382
upstream;Calgary;2003;7;12;1;Good;calgary;51.15272;-114.81382
upstream;Calgary;2004;2;12;1;Good;calgary;51.15272;-114.81382
upstream;Calgary;2005;2;12;1;Good;calgary;51.15272;-114.81382
upstream;Calgary;2006;2;12;1;Good;calgary;51.15272;-114.81382
upstream;Calgary;2007;10;11;1;Good;calgary;51.15272;-114.81382
upstream;Calgary;2008;10;12;1;Good;calgary;51.15272;-114.81382
upstream;Calgary;2009;10;12;1;Good;calgary;51.15272;-114.81382
upstream;Calgary;2010;10;12;1;Good;calgary;51.15272;-114.81382
upstream;Calgary;2011;10;11;1;Good;calgary;51.15272;-114.81382
upstream;Calgary;2012;10;12;1;Good;calgary;51.15272;-114.81382
upstream;Calgary;2013;77;12;1;Good;calgary;51.15272;-114.81382
upstream;Calgary;2014;56;12;1;Good;calgary;51.15272;-114.81382
upstream;Calgary;2015;93;12;1;Good;calgary;51.15272;-114.81382
upstream;Calgary;2016;2;12;1;Good;calgary;51.15272;-114.81382
upstream;Calgary;2017;48;12;1;Good;calgary;51.15272;-114.81382
upstream;Calgary;2018;2;4;1;Good;calgary;51.15272;-114.81382
upstream;Calgary;2019;96;7;1;Good;calgary;51.15272;-114.81382
upstream;Cali;2007;NA;0;2;NA;cali;3.42257;-76.49219
upstream;Cali;2009;NA;0;2;NA;cali;3.42257;-76.49219
upstream;Cali;2010;NA;0;2;NA;cali;3.42257;-76.49219
upstream;Cali;2011;NA;0;2;NA;cali;3.42257;-76.49219
upstream;Cali;2012;NA;0;2;NA;cali;3.42257;-76.49219
upstream;Cali;2013;NA;0;2;NA;cali;3.42257;-76.49219
upstream;Chicago;1987;NA;0;2;NA;chicago;41.78042;-87.90206
upstream;Chicago;1989;NA;0;2;NA;chicago;41.78042;-87.90206
upstream;Chicago;1990;NA;0;2;NA;chicago;41.78042;-87.90206
upstream;Chicago;1996;NA;0;2;NA;chicago;41.78042;-87.90206
upstream;Chicago;1997;NA;0;2;NA;chicago;41.78042;-87.90206
upstream;Chicago;1998;NA;0;2;NA;chicago;41.78042;-87.90206
upstream;Chicago;1999;NA;0;2;NA;chicago;41.78042;-87.90206
upstream;Chicago;2000;NA;0;2;NA;chicago;41.78042;-87.90206
upstream;Chicago;2001;NA;0;2;NA;chicago;41.78042;-87.90206
upstream;Chicago;2002;NA;0;2;NA;chicago;41.78042;-87.90206
upstream;Chicago;2004;NA;0;2;NA;chicago;41.78042;-87.90206
upstream;Ciudad del Este;2004;NA;0;1;NA;ciudad del este;-25.51703;-54.61405
upstream;Colombo;2003;NA;0;7;NA;colombo;6.93006;79.95624
upstream;Colombo;2004;NA;0;7;NA;colombo;6.93006;79.95624
upstream;Colombo;2005;9000;70;7;Poor;colombo;6.93006;79.95624
upstream;Colombo;2006;12500;26;7;Poor;colombo;6.93006;79.95624
upstream;Colombo;2007;5000;22;7;Poor;colombo;6.93006;79.95624
upstream;Colombo;2008;2200;28;7;Poor;colombo;6.93006;79.95624
upstream;Colombo;2009;5000;11;7;Poor;colombo;6.93006;79.95624
upstream;Colombo;2010;2460;10;7;Poor;colombo;6.93006;79.95624
upstream;Colombo;2011;2,32E+14;10;7;Poor;colombo;6.93006;79.95624
upstream;Colombo;2012;2800;43;7;Poor;colombo;6.93006;79.95624
upstream;Colombo;2013;5000;16;7;Poor;colombo;6.93006;79.95624
upstream;Colombo;2014;5000;54;7;Poor;colombo;6.93006;79.95624
upstream;Columbia, South Carolina;1995;NA;0;1;NA;columbia, south carolina;33.99497;-81.00607
upstream;Columbia, South Carolina;1996;NA;0;1;NA;columbia, south carolina;33.99497;-81.00607
upstream;Columbia, South Carolina;1997;NA;0;1;NA;columbia, south carolina;33.99497;-81.00607
upstream;Concepción;1984;NA;0;1;NA;concepcion;-36.79409;-73.08454
upstream;Concepción;1985;NA;0;1;NA;concepcion;-36.79409;-73.08454
upstream;Concepción;1986;NA;0;1;NA;concepcion;-36.79409;-73.08454
upstream;Concepción;1987;NA;0;1;NA;concepcion;-36.79409;-73.08454
upstream;Concepción;1988;NA;0;1;NA;concepcion;-36.79409;-73.08454
upstream;Concepción;1989;NA;0;1;NA;concepcion;-36.79409;-73.08454
upstream;Concepción;1990;NA;0;1;NA;concepcion;-36.79409;-73.08454
upstream;Concepción;1991;NA;0;1;NA;concepcion;-36.79409;-73.08454
upstream;Concepción;1992;NA;0;1;NA;concepcion;-36.79409;-73.08454
upstream;Concepción;1993;NA;0;1;NA;concepcion;-36.79409;-73.08454
upstream;Concepción;1994;NA;0;1;NA;concepcion;-36.79409;-73.08454
upstream;Concepción;1995;NA;0;1;NA;concepcion;-36.79409;-73.08454
upstream;Concepción;1996;NA;0;1;NA;concepcion;-36.79409;-73.08454
upstream;Concepción;1997;NA;0;1;NA;concepcion;-36.79409;-73.08454
upstream;Concepción;1998;NA;0;1;NA;concepcion;-36.79409;-73.08454
upstream;Concepción;2000;NA;0;1;NA;concepcion;-36.79409;-73.08454
upstream;Concepción;2001;NA;0;1;NA;concepcion;-36.79409;-73.08454
upstream;Concepción;2002;NA;0;1;NA;concepcion;-36.79409;-73.08454
upstream;Concepción;2003;NA;0;1;NA;concepcion;-36.79409;-73.08454
upstream;Concepción;2004;NA;0;1;NA;concepcion;-36.79409;-73.08454
upstream;Concepción;2005;NA;0;1;NA;concepcion;-36.79409;-73.08454
upstream;Concepción;2006;NA;0;1;NA;concepcion;-36.79409;-73.08454
upstream;Concepción;2007;NA;0;1;NA;concepcion;-36.79409;-73.08454
upstream;Concepción;2008;NA;0;1;NA;concepcion;-36.79409;-73.08454
upstream;Concepción;2009;NA;0;1;NA;concepcion;-36.79409;-73.08454
upstream;Concepción;2010;NA;0;1;NA;concepcion;-36.79409;-73.08454
upstream;Concepción;2011;NA;0;1;NA;concepcion;-36.79409;-73.08454
upstream;Concepción;2012;NA;0;1;NA;concepcion;-36.79409;-73.08454
upstream;Concepción;2013;NA;0;1;NA;concepcion;-36.79409;-73.08454
upstream;Concepción;2014;NA;0;1;NA;concepcion;-36.79409;-73.08454
upstream;Concepción;2015;NA;0;1;NA;concepcion;-36.79409;-73.08454
upstream;Concepción;2016;NA;0;1;NA;concepcion;-36.79409;-73.08454
upstream;Concepción;2017;NA;0;1;NA;concepcion;-36.79409;-73.08454
upstream;Concepción;2018;NA;0;1;NA;concepcion;-36.79409;-73.08454
upstream;Culiacan;2012;10059;6;4;Poor;culiacan;24.79921;-107.4195
upstream;Culiacan;2013;7530;24;4;Poor;culiacan;24.79921;-107.4195
upstream;Culiacan;2014;24196;24;4;Poor;culiacan;24.79921;-107.4195
upstream;Culiacan;2015;24196;24;4;Poor;culiacan;24.79921;-107.4195
upstream;Culiacan;2016;221359;24;4;Poor;culiacan;24.79921;-107.4195
upstream;Culiacan;2017;360008;24;4;Poor;culiacan;24.79921;-107.4195
upstream;Culiacan;2018;74508;24;4;Poor;culiacan;24.79921;-107.4195
upstream;Culiacan;2019;18131;8;4;Good;culiacan;24.79921;-107.4195
upstream;Culiacan;2020;41631;4;4;Poor;culiacan;24.79921;-107.4195
upstream;Culiacan;2021;NA;0;4;NA;culiacan;24.79921;-107.4195
upstream;Daejon;2011;568;13;1;Good;daejon;36.33333;127.54562
upstream;Daejon;2012;142;24;1;Good;daejon;36.33333;127.54562
upstream;Daejon;2013;81;24;1;Good;daejon;36.33333;127.54562
upstream;Daejon;2014;81;24;1;Good;daejon;36.33333;127.54562
upstream;Daejon;2015;47;24;1;Good;daejon;36.33333;127.54562
upstream;Daejon;2016;74;24;1;Good;daejon;36.33333;127.54562
upstream;Daejon;2017;34;24;1;Good;daejon;36.33333;127.54562
upstream;Daejon;2018;14;24;1;Good;daejon;36.33333;127.54562
upstream;Daejon;2019;81;24;1;Good;daejon;36.33333;127.54562
upstream;Daejon;2020;124;24;1;Good;daejon;36.33333;127.54562
upstream;Daejon;2021;4;24;1;Good;daejon;36.33333;127.54562
upstream;Daejon;2022;37;24;1;Good;daejon;36.33333;127.54562
upstream;Delhi;2008;3472;19;11;Good;delhi;28.67343;77.24728
upstream;Delhi;2009;206;18;11;Good;delhi;28.67343;77.24728
upstream;Delhi;2010;100;19;11;Good;delhi;28.67343;77.24728
upstream;Delhi;2011;865;24;11;Good;delhi;28.67343;77.24728
upstream;Delhi;2012;1940;23;11;Good;delhi;28.67343;77.24728
upstream;Delhi;2013;1500;9;11;Good;delhi;28.67343;77.24728
upstream;Delhi;2014;2620;10;11;Poor;delhi;28.67343;77.24728
upstream;Delhi;2015;21400;9;11;Poor;delhi;28.67343;77.24728
upstream;Delhi;2016;314000;22;11;Poor;delhi;28.67343;77.24728
upstream;Delhi;2017;4140000;18;11;Poor;delhi;28.67343;77.24728
upstream;Delhi;2018;3250000;46;11;Poor;delhi;28.67343;77.24728
upstream;Delhi;2019;648000;45;11;Poor;delhi;28.67343;77.24728
upstream;Delhi;2020;390000;56;11;Poor;delhi;28.67343;77.24728
upstream;Delhi;2021;4420000;64;11;Poor;delhi;28.67343;77.24728
upstream;East London (Buffalo City);1994;NA;0;1;NA;east london (buffalo city);-32.9815;27.67844
upstream;East London (Buffalo City);1995;NA;0;1;NA;east london (buffalo city);-32.9815;27.67844
upstream;East London (Buffalo City);1996;NA;0;1;NA;east london (buffalo city);-32.9815;27.67844
upstream;East London (Buffalo City);1997;NA;0;1;NA;east london (buffalo city);-32.9815;27.67844
upstream;East London (Buffalo City);1998;NA;0;1;NA;east london (buffalo city);-32.9815;27.67844
upstream;East London (Buffalo City);1999;NA;0;1;NA;east london (buffalo city);-32.9815;27.67844
upstream;East London (Buffalo City);2000;NA;0;1;NA;east london (buffalo city);-32.9815;27.67844
upstream;East London (Buffalo City);2001;NA;0;1;NA;east london (buffalo city);-32.9815;27.67844
upstream;East London (Buffalo City);2002;NA;0;1;NA;east london (buffalo city);-32.9815;27.67844
upstream;East London (Buffalo City);2003;NA;0;1;NA;east london (buffalo city);-32.9815;27.67844
upstream;East London (Buffalo City);2004;NA;0;1;NA;east london (buffalo city);-32.9815;27.67844
upstream;East London (Buffalo City);2005;NA;0;1;NA;east london (buffalo city);-32.9815;27.67844
upstream;East London (Buffalo City);2006;NA;0;1;NA;east london (buffalo city);-32.9815;27.67844
upstream;East London (Buffalo City);2007;NA;0;1;NA;east london (buffalo city);-32.9815;27.67844
upstream;East London (Buffalo City);2008;NA;0;1;NA;east london (buffalo city);-32.9815;27.67844
upstream;East London (Buffalo City);2009;NA;0;1;NA;east london (buffalo city);-32.9815;27.67844
upstream;East London (Buffalo City);2010;NA;0;1;NA;east london (buffalo city);-32.9815;27.67844
upstream;East London (Buffalo City);2011;NA;0;1;NA;east london (buffalo city);-32.9815;27.67844
upstream;East London (Buffalo City);2012;NA;0;1;NA;east london (buffalo city);-32.9815;27.67844
upstream;East London (Buffalo City);2013;NA;0;1;NA;east london (buffalo city);-32.9815;27.67844
upstream;East London (Buffalo City);2014;NA;0;1;NA;east london (buffalo city);-32.9815;27.67844
upstream;East London (Buffalo City);2015;NA;0;1;NA;east london (buffalo city);-32.9815;27.67844
upstream;East London (Buffalo City);2016;NA;0;1;NA;east london (buffalo city);-32.9815;27.67844
upstream;East London (Buffalo City);2017;NA;0;1;NA;east london (buffalo city);-32.9815;27.67844
upstream;East London (Buffalo City);2018;NA;0;1;NA;east london (buffalo city);-32.9815;27.67844
upstream;East London (Buffalo City);2019;NA;0;1;NA;east london (buffalo city);-32.9815;27.67844
upstream;East London (Buffalo City);2020;NA;0;1;NA;east london (buffalo city);-32.9815;27.67844
upstream;East London (Buffalo City);2021;NA;0;1;NA;east london (buffalo city);-32.9815;27.67844
upstream;East London (Buffalo City);2022;NA;0;1;NA;east london (buffalo city);-32.9815;27.67844
upstream;Erode;1980;NA;0;6;NA;erode;11.37949;77.70709
upstream;Erode;1981;NA;0;6;NA;erode;11.37949;77.70709
upstream;Erode;1982;NA;0;6;NA;erode;11.37949;77.70709
upstream;Erode;1983;NA;0;6;NA;erode;11.37949;77.70709
upstream;Erode;1984;NA;0;6;NA;erode;11.37949;77.70709
upstream;Erode;1985;NA;0;6;NA;erode;11.37949;77.70709
upstream;Erode;1986;NA;0;6;NA;erode;11.37949;77.70709
upstream;Erode;1987;1290;10;6;Good;erode;11.37949;77.70709
upstream;Erode;1988;27000;11;6;Poor;erode;11.37949;77.70709
upstream;Erode;1989;20600;12;6;Poor;erode;11.37949;77.70709
upstream;Erode;1990;13900;12;6;Poor;erode;11.37949;77.70709
upstream;Erode;1991;2300;12;6;Poor;erode;11.37949;77.70709
upstream;Erode;1992;4000;9;6;Poor;erode;11.37949;77.70709
upstream;Erode;1993;111000;8;6;Poor;erode;11.37949;77.70709
upstream;Erode;1994;NA;0;6;NA;erode;11.37949;77.70709
upstream;Erode;1995;30000;11;6;Poor;erode;11.37949;77.70709
upstream;Erode;1996;12200;12;6;Poor;erode;11.37949;77.70709
upstream;Erode;1997;4740;12;6;Poor;erode;11.37949;77.70709
upstream;Erode;1998;80;11;6;Good;erode;11.37949;77.70709
upstream;Erode;1999;330;11;6;Good;erode;11.37949;77.70709
upstream;Erode;2000;324;10;6;Good;erode;11.37949;77.70709
upstream;Erode;2001;71;10;6;Good;erode;11.37949;77.70709
upstream;Erode;2002;107;12;6;Good;erode;11.37949;77.70709
upstream;Erode;2003;2120;12;6;Poor;erode;11.37949;77.70709
upstream;Erode;2004;215;12;6;Good;erode;11.37949;77.70709
upstream;Erode;2005;194;3;6;Good;erode;11.37949;77.70709
upstream;Erode;2006;209;8;6;Good;erode;11.37949;77.70709
upstream;Erode;2007;770;12;6;Good;erode;11.37949;77.70709
upstream;Erode;2008;393;12;6;Good;erode;11.37949;77.70709
upstream;Erode;2009;NA;0;6;NA;erode;11.37949;77.70709
upstream;Erode;2010;NA;0;6;NA;erode;11.37949;77.70709
upstream;Erode;2011;NA;0;6;NA;erode;11.37949;77.70709
upstream;Erode;2012;NA;0;6;NA;erode;11.37949;77.70709
upstream;Erode;2013;NA;0;6;NA;erode;11.37949;77.70709
upstream;Erode;2014;NA;0;6;NA;erode;11.37949;77.70709
upstream;Erode;2015;NA;0;6;NA;erode;11.37949;77.70709
upstream;Erode;2016;NA;0;6;NA;erode;11.37949;77.70709
upstream;Erode;2017;NA;0;6;NA;erode;11.37949;77.70709
upstream;Erode;2018;117;24;6;Good;erode;11.37949;77.70709
upstream;Erode;2019;781;22;6;Good;erode;11.37949;77.70709
upstream;Erode;2020;43;23;6;Good;erode;11.37949;77.70709
upstream;Erode;2021;2650;16;6;Poor;erode;11.37949;77.70709
upstream;Geneve;2007;NA;0;1;NA;geneve;46.20518;6.1459
upstream;Geneve;2008;NA;0;1;NA;geneve;46.20518;6.1459
upstream;Geneve;2010;NA;0;1;NA;geneve;46.20518;6.1459
upstream;Geneve;2011;NA;0;1;NA;geneve;46.20518;6.1459
upstream;Geneve;2012;NA;0;1;NA;geneve;46.20518;6.1459
upstream;Geneve;2013;NA;0;1;NA;geneve;46.20518;6.1459
upstream;Geneve;2014;NA;0;1;NA;geneve;46.20518;6.1459
upstream;Geneve;2015;NA;0;1;NA;geneve;46.20518;6.1459
upstream;Geneve;2016;NA;0;1;NA;geneve;46.20518;6.1459
upstream;Geneve;2017;NA;0;1;NA;geneve;46.20518;6.1459
upstream;Geneve;2018;NA;0;1;NA;geneve;46.20518;6.1459
upstream;Geneve;2019;NA;0;1;NA;geneve;46.20518;6.1459
upstream;Geneve;2020;NA;0;1;NA;geneve;46.20518;6.1459
upstream;Geneve;2021;NA;0;1;NA;geneve;46.20518;6.1459
upstream;Guwahati (Gauhati);1989;NA;0;12;NA;guwahati (gauhati);26.22702;91.73027
upstream;Guwahati (Gauhati);1990;NA;0;12;NA;guwahati (gauhati);26.22702;91.73027
upstream;Guwahati (Gauhati);1991;NA;0;12;NA;guwahati (gauhati);26.22702;91.73027
upstream;Guwahati (Gauhati);1992;NA;0;12;NA;guwahati (gauhati);26.22702;91.73027
upstream;Guwahati (Gauhati);1993;NA;0;12;NA;guwahati (gauhati);26.22702;91.73027
upstream;Guwahati (Gauhati);1994;NA;0;12;NA;guwahati (gauhati);26.22702;91.73027
upstream;Guwahati (Gauhati);1995;NA;0;12;NA;guwahati (gauhati);26.22702;91.73027
upstream;Guwahati (Gauhati);1996;NA;0;12;NA;guwahati (gauhati);26.22702;91.73027
upstream;Guwahati (Gauhati);1997;NA;0;12;NA;guwahati (gauhati);26.22702;91.73027
upstream;Guwahati (Gauhati);1998;NA;0;12;NA;guwahati (gauhati);26.22702;91.73027
upstream;Guwahati (Gauhati);1999;NA;0;12;NA;guwahati (gauhati);26.22702;91.73027
upstream;Guwahati (Gauhati);2000;NA;0;12;NA;guwahati (gauhati);26.22702;91.73027
upstream;Guwahati (Gauhati);2001;NA;0;12;NA;guwahati (gauhati);26.22702;91.73027
upstream;Guwahati (Gauhati);2002;NA;0;12;NA;guwahati (gauhati);26.22702;91.73027
upstream;Guwahati (Gauhati);2003;NA;0;12;NA;guwahati (gauhati);26.22702;91.73027
upstream;Guwahati (Gauhati);2004;NA;0;12;NA;guwahati (gauhati);26.22702;91.73027
upstream;Guwahati (Gauhati);2005;NA;0;12;NA;guwahati (gauhati);26.22702;91.73027
upstream;Guwahati (Gauhati);2006;NA;0;12;NA;guwahati (gauhati);26.22702;91.73027
upstream;Guwahati (Gauhati);2007;NA;0;12;NA;guwahati (gauhati);26.22702;91.73027
upstream;Guwahati (Gauhati);2008;NA;0;12;NA;guwahati (gauhati);26.22702;91.73027
upstream;Guwahati (Gauhati);2009;NA;0;12;NA;guwahati (gauhati);26.22702;91.73027
upstream;Guwahati (Gauhati);2010;NA;0;12;NA;guwahati (gauhati);26.22702;91.73027
upstream;Guwahati (Gauhati);2011;NA;0;12;NA;guwahati (gauhati);26.22702;91.73027
upstream;Guwahati (Gauhati);2012;NA;0;12;NA;guwahati (gauhati);26.22702;91.73027
upstream;Guwahati (Gauhati);2013;NA;0;12;NA;guwahati (gauhati);26.22702;91.73027
upstream;Guwahati (Gauhati);2014;NA;0;12;NA;guwahati (gauhati);26.22702;91.73027
upstream;Guwahati (Gauhati);2015;NA;0;12;NA;guwahati (gauhati);26.22702;91.73027
upstream;Guwahati (Gauhati);2016;NA;0;12;NA;guwahati (gauhati);26.22702;91.73027
upstream;Guwahati (Gauhati);2017;27;1;12;Good;guwahati (gauhati);26.22702;91.73027
upstream;Guwahati (Gauhati);2018;2080;73;12;Poor;guwahati (gauhati);26.22702;91.73027
upstream;Guwahati (Gauhati);2019;730;67;12;Good;guwahati (gauhati);26.22702;91.73027
upstream;Guwahati (Gauhati);2020;730;66;12;Good;guwahati (gauhati);26.22702;91.73027
upstream;Guwahati (Gauhati);2021;730;15;12;Good;guwahati (gauhati);26.22702;91.73027
upstream;Imphal;2018;NA;0;1;NA;imphal;24.72338;93.92396
upstream;Imphal;2019;62;7;1;Good;imphal;24.72338;93.92396
upstream;Imphal;2020;51;9;1;Good;imphal;24.72338;93.92396
upstream;Imphal;2021;745;2;1;Good;imphal;24.72338;93.92396
upstream;Kansas City;1980;1400;11;1;Good;kansas city;39.224;-95.08622
upstream;Kansas City;1981;5,67E+14;10;1;Poor;kansas city;39.224;-95.08622
upstream;Kansas City;1982;2900;6;1;Poor;kansas city;39.224;-95.08622
upstream;Kansas City;1983;1620;5;1;Good;kansas city;39.224;-95.08622
upstream;Kansas City;1984;808;5;1;Good;kansas city;39.224;-95.08622
upstream;Kansas City;1985;3360;7;1;Poor;kansas city;39.224;-95.08622
upstream;Kansas City;1986;2810;4;1;Poor;kansas city;39.224;-95.08622
upstream;Kansas City;1987;NA;0;1;NA;kansas city;39.224;-95.08622
upstream;Kansas City;1988;NA;0;1;NA;kansas city;39.224;-95.08622
upstream;Kansas City;1989;NA;0;1;NA;kansas city;39.224;-95.08622
upstream;Kansas City;1990;NA;0;1;NA;kansas city;39.224;-95.08622
upstream;Kansas City;1991;NA;0;1;NA;kansas city;39.224;-95.08622
upstream;Kansas City;1999;3480;8;1;Poor;kansas city;39.224;-95.08622
upstream;Kansas City;2000;3120;18;1;Poor;kansas city;39.224;-95.08622
upstream;Kansas City;2001;12400;24;1;Poor;kansas city;39.224;-95.08622
upstream;Kansas City;2002;3775;8;1;Poor;kansas city;39.224;-95.08622
upstream;Kansas City;2003;2780;3;1;Poor;kansas city;39.224;-95.08622
upstream;Kansas City;2004;646;2;1;Good;kansas city;39.224;-95.08622
upstream;Kansas City;2005;15200;3;1;Poor;kansas city;39.224;-95.08622
upstream;Kansas City;2007;7400;1;1;Poor;kansas city;39.224;-95.08622
upstream;Kansas City;2009;NA;0;1;NA;kansas city;39.224;-95.08622
upstream;Kansas City;2011;NA;0;1;NA;kansas city;39.224;-95.08622
upstream;Kansas City;2012;838;10;1;Good;kansas city;39.224;-95.08622
upstream;Kansas City;2013;1780;15;1;Good;kansas city;39.224;-95.08622
upstream;Kansas City;2014;956;17;1;Good;kansas city;39.224;-95.08622
upstream;Kansas City;2015;2,02E+14;19;1;Poor;kansas city;39.224;-95.08622
upstream;Kansas City;2016;3,54E+14;18;1;Poor;kansas city;39.224;-95.08622
upstream;Kansas City;2017;5030;8;1;Poor;kansas city;39.224;-95.08622
upstream;Kansas City;2018;13640;3;1;Poor;kansas city;39.224;-95.08622
upstream;Kansas City;2019;7,44E+14;9;1;Poor;kansas city;39.224;-95.08622
upstream;Kansas City;2020;5265;6;1;Poor;kansas city;39.224;-95.08622
upstream;Karur;1980;NA;0;2;NA;karur;10.96099;78.07319
upstream;Karur;1981;NA;0;2;NA;karur;10.96099;78.07319
upstream;Karur;1982;NA;0;2;NA;karur;10.96099;78.07319
upstream;Karur;1983;NA;0;2;NA;karur;10.96099;78.07319
upstream;Karur;1984;NA;0;2;NA;karur;10.96099;78.07319
upstream;Karur;1985;NA;0;2;NA;karur;10.96099;78.07319
upstream;Karur;1986;NA;0;2;NA;karur;10.96099;78.07319
upstream;Karur;1987;NA;0;2;NA;karur;10.96099;78.07319
upstream;Karur;1988;NA;0;2;NA;karur;10.96099;78.07319
upstream;Karur;1989;NA;0;2;NA;karur;10.96099;78.07319
upstream;Karur;1990;NA;0;2;NA;karur;10.96099;78.07319
upstream;Karur;1991;NA;0;2;NA;karur;10.96099;78.07319
upstream;Karur;1992;NA;0;2;NA;karur;10.96099;78.07319
upstream;Karur;1993;NA;0;2;NA;karur;10.96099;78.07319
upstream;Karur;1994;NA;0;2;NA;karur;10.96099;78.07319
upstream;Karur;1995;NA;0;2;NA;karur;10.96099;78.07319
upstream;Karur;1996;NA;0;2;NA;karur;10.96099;78.07319
upstream;Karur;1997;NA;0;2;NA;karur;10.96099;78.07319
upstream;Karur;1998;NA;0;2;NA;karur;10.96099;78.07319
upstream;Karur;1999;NA;0;2;NA;karur;10.96099;78.07319
upstream;Karur;2000;NA;0;2;NA;karur;10.96099;78.07319
upstream;Karur;2001;NA;0;2;NA;karur;10.96099;78.07319
upstream;Karur;2002;NA;0;2;NA;karur;10.96099;78.07319
upstream;Karur;2004;NA;0;2;NA;karur;10.96099;78.07319
upstream;Karur;2005;NA;0;2;NA;karur;10.96099;78.07319
upstream;Karur;2006;NA;0;2;NA;karur;10.96099;78.07319
upstream;Karur;2007;NA;0;2;NA;karur;10.96099;78.07319
upstream;Karur;2008;NA;0;2;NA;karur;10.96099;78.07319
upstream;Karur;2009;NA;0;2;NA;karur;10.96099;78.07319
upstream;Karur;2010;NA;0;2;NA;karur;10.96099;78.07319
upstream;Karur;2011;NA;0;2;NA;karur;10.96099;78.07319
upstream;Karur;2012;NA;0;2;NA;karur;10.96099;78.07319
upstream;Karur;2013;NA;0;2;NA;karur;10.96099;78.07319
upstream;Karur;2014;NA;0;2;NA;karur;10.96099;78.07319
upstream;Karur;2015;NA;0;2;NA;karur;10.96099;78.07319
upstream;Karur;2016;NA;0;2;NA;karur;10.96099;78.07319
upstream;Karur;2017;NA;0;2;NA;karur;10.96099;78.07319
upstream;Karur;2019;304;7;2;Good;karur;10.96099;78.07319
upstream;Karur;2020;117;12;2;Good;karur;10.96099;78.07319
upstream;Karur;2021;5475;4;2;Good;karur;10.96099;78.07319
upstream;Kenitra;1987;NA;0;1;NA;kenitra;34.26837;-6.57673
upstream;Kenitra;1988;NA;0;1;NA;kenitra;34.26837;-6.57673
upstream;Kenitra;1989;NA;0;1;NA;kenitra;34.26837;-6.57673
upstream;Kenitra;1990;NA;0;1;NA;kenitra;34.26837;-6.57673
upstream;Kenitra;1991;NA;0;1;NA;kenitra;34.26837;-6.57673
upstream;Kenitra;1992;NA;0;1;NA;kenitra;34.26837;-6.57673
upstream;Kenitra;1993;NA;0;1;NA;kenitra;34.26837;-6.57673
upstream;Kenitra;1994;NA;0;1;NA;kenitra;34.26837;-6.57673
upstream;Kenitra;1995;6692;5;1;Good;kenitra;34.26837;-6.57673
upstream;Kenitra;1996;24000;1;1;Poor;kenitra;34.26837;-6.57673
upstream;Kenitra;1997;37;5;1;Good;kenitra;34.26837;-6.57673
upstream;Kenitra;1998;2175;2;1;Good;kenitra;34.26837;-6.57673
upstream;Kenitra;1999;81;2;1;Good;kenitra;34.26837;-6.57673
upstream;Kenitra;2000;908;4;1;Good;kenitra;34.26837;-6.57673
upstream;Kenitra;2001;2400;1;1;Poor;kenitra;34.26837;-6.57673
upstream;Kenitra;2002;NA;0;1;NA;kenitra;34.26837;-6.57673
upstream;Kenitra;2003;NA;0;1;NA;kenitra;34.26837;-6.57673
upstream;Kenitra;2004;NA;0;1;NA;kenitra;34.26837;-6.57673
upstream;Kenitra;2005;NA;0;1;NA;kenitra;34.26837;-6.57673
upstream;Kenitra;2006;NA;0;1;NA;kenitra;34.26837;-6.57673
upstream;Kenitra;2007;NA;0;1;NA;kenitra;34.26837;-6.57673
upstream;Kenitra;2008;84;2;1;Good;kenitra;34.26837;-6.57673
upstream;Kenitra;2009;NA;0;1;NA;kenitra;34.26837;-6.57673
upstream;Kenitra;2010;4250;2;1;Poor;kenitra;34.26837;-6.57673
upstream;Kenitra;2011;7526;3;1;Good;kenitra;34.26837;-6.57673
upstream;Kenitra;2012;NA;0;1;NA;kenitra;34.26837;-6.57673
upstream;Koln (Cologne);1980;NA;0;9;NA;koln (cologne);50.95363;6.95506
upstream;Koln (Cologne);1985;NA;0;9;NA;koln (cologne);50.95363;6.95506
upstream;Koln (Cologne);1986;NA;0;9;NA;koln (cologne);50.95363;6.95506
upstream;Koln (Cologne);1987;NA;0;9;NA;koln (cologne);50.95363;6.95506
upstream;Koln (Cologne);1988;NA;0;9;NA;koln (cologne);50.95363;6.95506
upstream;Koln (Cologne);1989;NA;0;9;NA;koln (cologne);50.95363;6.95506
upstream;Koln (Cologne);1990;NA;0;9;NA;koln (cologne);50.95363;6.95506
upstream;Koln (Cologne);1991;850;26;9;Good;koln (cologne);50.95363;6.95506
upstream;Koln (Cologne);1992;600;26;9;Good;koln (cologne);50.95363;6.95506
upstream;Koln (Cologne);1993;1065;26;9;Good;koln (cologne);50.95363;6.95506
upstream;Koln (Cologne);1994;6600;26;9;Poor;koln (cologne);50.95363;6.95506
upstream;Koln (Cologne);1995;2400;20;9;Poor;koln (cologne);50.95363;6.95506
upstream;Koln (Cologne);2019;NA;0;9;NA;koln (cologne);50.95363;6.95506
upstream;Koln (Cologne);2020;NA;0;9;NA;koln (cologne);50.95363;6.95506
upstream;Koln (Cologne);2021;NA;0;9;NA;koln (cologne);50.95363;6.95506
upstream;Lafayette;1980;4,69E+14;22;2;Good;lafayette;30.56416;-91.69286
upstream;Lafayette;1981;279;22;2;Good;lafayette;30.56416;-91.69286
upstream;Lafayette;1982;288;23;2;Good;lafayette;30.56416;-91.69286
upstream;Lafayette;1983;254;24;2;Good;lafayette;30.56416;-91.69286
upstream;Lafayette;1984;196;22;2;Good;lafayette;30.56416;-91.69286
upstream;Lafayette;1985;330;21;2;Good;lafayette;30.56416;-91.69286
upstream;Lafayette;1986;177;24;2;Good;lafayette;30.56416;-91.69286
upstream;Lafayette;1987;282;24;2;Good;lafayette;30.56416;-91.69286
upstream;Lafayette;1988;211;24;2;Good;lafayette;30.56416;-91.69286
upstream;Lafayette;1989;127;24;2;Good;lafayette;30.56416;-91.69286
upstream;Lafayette;1990;118;23;2;Good;lafayette;30.56416;-91.69286
upstream;Lafayette;1991;174;22;2;Good;lafayette;30.56416;-91.69286
upstream;Lafayette;1992;146;20;2;Good;lafayette;30.56416;-91.69286
upstream;Lafayette;1993;146;17;2;Good;lafayette;30.56416;-91.69286
upstream;Lafayette;1994;183;14;2;Good;lafayette;30.56416;-91.69286
upstream;Lafayette;1995;246;14;2;Good;lafayette;30.56416;-91.69286
upstream;Lafayette;1996;216;25;2;Good;lafayette;30.56416;-91.69286
upstream;Lafayette;1997;116;29;2;Good;lafayette;30.56416;-91.69286
upstream;Lafayette;1998;173;28;2;Good;lafayette;30.56416;-91.69286
upstream;Lafayette;1999;261;30;2;Good;lafayette;30.56416;-91.69286
upstream;Lafayette;2000;506;28;2;Good;lafayette;30.56416;-91.69286
upstream;Lafayette;2001;548;29;2;Good;lafayette;30.56416;-91.69286
upstream;Lafayette;2002;644;28;2;Good;lafayette;30.56416;-91.69286
upstream;Lafayette;2003;360;29;2;Good;lafayette;30.56416;-91.69286
upstream;Lafayette;2004;250;31;2;Good;lafayette;30.56416;-91.69286
upstream;Lafayette;2005;107;24;2;Good;lafayette;30.56416;-91.69286
upstream;Lafayette;2006;2709;24;2;Good;lafayette;30.56416;-91.69286
upstream;Lafayette;2007;688;25;2;Good;lafayette;30.56416;-91.69286
upstream;Lafayette;2008;259;22;2;Good;lafayette;30.56416;-91.69286
upstream;Lafayette;2009;126;18;2;Good;lafayette;30.56416;-91.69286
upstream;Lafayette;2010;NA;0;2;NA;lafayette;30.56416;-91.69286
upstream;Lafayette;2011;NA;0;2;NA;lafayette;30.56416;-91.69286
upstream;Lafayette;2012;NA;0;2;NA;lafayette;30.56416;-91.69286
upstream;Lafayette;2013;NA;0;2;NA;lafayette;30.56416;-91.69286
upstream;Lafayette;2014;NA;0;2;NA;lafayette;30.56416;-91.69286
upstream;Lafayette;2015;NA;0;2;NA;lafayette;30.56416;-91.69286
upstream;Lafayette;2016;NA;0;2;NA;lafayette;30.56416;-91.69286
upstream;Lafayette;2017;NA;0;2;NA;lafayette;30.56416;-91.69286
upstream;Lafayette;2018;NA;0;2;NA;lafayette;30.56416;-91.69286
upstream;Lafayette;2019;NA;0;2;NA;lafayette;30.56416;-91.69286
upstream;Lafayette;2020;NA;0;2;NA;lafayette;30.56416;-91.69286
upstream;Liege;2001;NA;0;2;NA;liege;50.63031;5.54724
upstream;Liege;2002;NA;0;2;NA;liege;50.63031;5.54724
upstream;Liege;2003;NA;0;2;NA;liege;50.63031;5.54724
upstream;Manaus;2004;NA;0;1;NA;manaus;-3.11643;-59.99617
upstream;Mangalore;2002;NA;0;2;NA;mangalore;12.91946;75.02069
upstream;Mangalore;2003;NA;0;2;NA;mangalore;12.91946;75.02069
upstream;Mangalore;2004;NA;0;2;NA;mangalore;12.91946;75.02069
upstream;Mangalore;2005;NA;0;2;NA;mangalore;12.91946;75.02069
upstream;Mangalore;2006;NA;0;2;NA;mangalore;12.91946;75.02069
upstream;Mangalore;2007;NA;0;2;NA;mangalore;12.91946;75.02069
upstream;Mangalore;2008;NA;0;2;NA;mangalore;12.91946;75.02069
upstream;Mangalore;2009;NA;0;2;NA;mangalore;12.91946;75.02069
upstream;Mangalore;2010;NA;0;2;NA;mangalore;12.91946;75.02069
upstream;Mangalore;2011;NA;0;2;NA;mangalore;12.91946;75.02069
upstream;Mangalore;2012;NA;0;2;NA;mangalore;12.91946;75.02069
upstream;Mangalore;2013;NA;0;2;NA;mangalore;12.91946;75.02069
upstream;Mangalore;2014;NA;0;2;NA;mangalore;12.91946;75.02069
upstream;Mangalore;2015;NA;0;2;NA;mangalore;12.91946;75.02069
upstream;Mangalore;2016;NA;0;2;NA;mangalore;12.91946;75.02069
upstream;Mangalore;2017;NA;0;2;NA;mangalore;12.91946;75.02069
upstream;Mangalore;2018;166;12;2;Good;mangalore;12.91946;75.02069
upstream;Mangalore;2019;90;11;2;Good;mangalore;12.91946;75.02069
upstream;Mangalore;2020;1600;12;2;Good;mangalore;12.91946;75.02069
upstream;Mangalore;2021;1200;6;2;Good;mangalore;12.91946;75.02069
upstream;McAllen;2012;1612;5;4;Good;mcallen;26.13418;-98.24594
upstream;McAllen;2013;495;26;4;Good;mcallen;26.13418;-98.24594
upstream;McAllen;2014;3940;24;4;Poor;mcallen;26.13418;-98.24594
upstream;McAllen;2015;74544;19;4;Poor;mcallen;26.13418;-98.24594
upstream;McAllen;2016;41311;12;4;Poor;mcallen;26.13418;-98.24594
upstream;McAllen;2017;24000;11;4;Poor;mcallen;26.13418;-98.24594
upstream;McAllen;2018;22700;12;4;Poor;mcallen;26.13418;-98.24594
upstream;McAllen;2019;210;1;4;Good;mcallen;26.13418;-98.24594
upstream;McAllen;2020;2270;2;4;Poor;mcallen;26.13418;-98.24594
upstream;Minatitlan;2012;974;7;7;Good;minatitlan;17.98398;-94.53777
upstream;Minatitlan;2013;3535;38;7;Poor;minatitlan;17.98398;-94.53777
upstream;Minatitlan;2014;10104;36;7;Poor;minatitlan;17.98398;-94.53777
upstream;Minatitlan;2015;24000;36;7;Poor;minatitlan;17.98398;-94.53777
upstream;Minatitlan;2016;9832;36;7;Poor;minatitlan;17.98398;-94.53777
upstream;Minatitlan;2017;39895;36;7;Poor;minatitlan;17.98398;-94.53777
upstream;Minatitlan;2018;24196;36;7;Poor;minatitlan;17.98398;-94.53777
upstream;Minatitlan;2019;11000;12;7;Poor;minatitlan;17.98398;-94.53777
upstream;Minatitlan;2020;2420;6;7;Poor;minatitlan;17.98398;-94.53777
upstream;Montreal;1980;189;12;2;Good;montreal;45.49112;-73.67112
upstream;Montreal;1981;24;11;2;Good;montreal;45.49112;-73.67112
upstream;Montreal;1982;30;6;2;Good;montreal;45.49112;-73.67112
upstream;Montreal;1983;55;6;2;Good;montreal;45.49112;-73.67112
upstream;Montreal;1984;332;8;2;Good;montreal;45.49112;-73.67112
upstream;Montreal;1985;239;8;2;Good;montreal;45.49112;-73.67112
upstream;Montreal;1986;55;6;2;Good;montreal;45.49112;-73.67112
upstream;Montreal;1987;123;4;2;Good;montreal;45.49112;-73.67112
upstream;Montreal;1988;144;4;2;Good;montreal;45.49112;-73.67112
upstream;Montreal;1989;4;4;2;Good;montreal;45.49112;-73.67112
upstream;Montreal;1990;402;4;2;Good;montreal;45.49112;-73.67112
upstream;Montreal;1991;55;4;2;Good;montreal;45.49112;-73.67112
upstream;Montreal;1992;338;4;2;Good;montreal;45.49112;-73.67112
upstream;Montreal;1993;262;4;2;Good;montreal;45.49112;-73.67112
upstream;Montreal;1994;17512;4;2;Good;montreal;45.49112;-73.67112
upstream;Montreal;1995;68;3;2;Good;montreal;45.49112;-73.67112
upstream;Montreal;1996;NA;0;2;NA;montreal;45.49112;-73.67112
upstream;Montreal;2007;NA;0;2;NA;montreal;45.49112;-73.67112
upstream;Montreal;2008;NA;0;2;NA;montreal;45.49112;-73.67112
upstream;Montreal;2009;NA;0;2;NA;montreal;45.49112;-73.67112
upstream;Montreal;2011;NA;0;2;NA;montreal;45.49112;-73.67112
upstream;Montreal;2012;NA;0;2;NA;montreal;45.49112;-73.67112
upstream;Montreal;2013;NA;0;2;NA;montreal;45.49112;-73.67112
upstream;Montreal;2014;NA;0;2;NA;montreal;45.49112;-73.67112
upstream;Montreal;2015;NA;0;2;NA;montreal;45.49112;-73.67112
upstream;Montreal;2016;NA;0;2;NA;montreal;45.49112;-73.67112
upstream;Montreal;2017;NA;0;2;NA;montreal;45.49112;-73.67112
upstream;Montreal;2018;NA;0;2;NA;montreal;45.49112;-73.67112
upstream;Montreal;2019;NA;0;2;NA;montreal;45.49112;-73.67112
upstream;Montreal;2020;NA;0;2;NA;montreal;45.49112;-73.67112
upstream;Morelia;2012;NA;0;6;NA;morelia;19.7071;-101.19865
upstream;Morelia;2013;24000;33;6;Poor;morelia;19.7071;-101.19865
upstream;Morelia;2014;24000;36;6;Poor;morelia;19.7071;-101.19865
upstream;Morelia;2015;24000;36;6;Poor;morelia;19.7071;-101.19865
upstream;Morelia;2016;241372;34;6;Poor;morelia;19.7071;-101.19865
upstream;Morelia;2017;24000;34;6;Poor;morelia;19.7071;-101.19865
upstream;Morelia;2018;24000;35;6;Poor;morelia;19.7071;-101.19865
upstream;Morelia;2019;241960;11;6;Poor;morelia;19.7071;-101.19865
upstream;Morelia;2020;17500;6;6;Poor;morelia;19.7071;-101.19865
upstream;Morelia;2021;24000;1;6;Poor;morelia;19.7071;-101.19865
upstream;Muzaffarpur;2019;13140;7;2;Poor;muzaffarpur;26.13533;85.372
upstream;Muzaffarpur;2020;112400;8;2;Poor;muzaffarpur;26.13533;85.372
upstream;Muzaffarpur;2021;132800;3;2;Poor;muzaffarpur;26.13533;85.372
upstream;Navsari;2003;NA;0;2;NA;navsari;20.99741;73.07464
upstream;Navsari;2004;NA;0;2;NA;navsari;20.99741;73.07464
upstream;Navsari;2005;NA;0;2;NA;navsari;20.99741;73.07464
upstream;Navsari;2006;NA;0;2;NA;navsari;20.99741;73.07464
upstream;Navsari;2007;NA;0;2;NA;navsari;20.99741;73.07464
upstream;Navsari;2008;NA;0;2;NA;navsari;20.99741;73.07464
upstream;Navsari;2009;NA;0;2;NA;navsari;20.99741;73.07464
upstream;Navsari;2010;NA;0;2;NA;navsari;20.99741;73.07464
upstream;Navsari;2011;NA;0;2;NA;navsari;20.99741;73.07464
upstream;Navsari;2012;NA;0;2;NA;navsari;20.99741;73.07464
upstream;Navsari;2013;NA;0;2;NA;navsari;20.99741;73.07464
upstream;Navsari;2014;1300;6;2;Good;navsari;20.99741;73.07464
upstream;Navsari;2015;1300;6;2;Good;navsari;20.99741;73.07464
upstream;Navsari;2016;1450;6;2;Good;navsari;20.99741;73.07464
upstream;Navsari;2017;1080;9;2;Good;navsari;20.99741;73.07464
upstream;Navsari;2018;796;12;2;Good;navsari;20.99741;73.07464
upstream;Navsari;2019;164;12;2;Good;navsari;20.99741;73.07464
upstream;Navsari;2020;61;11;2;Good;navsari;20.99741;73.07464
upstream;Navsari;2021;198;3;2;Good;navsari;20.99741;73.07464
upstream;Nottingham;1990;NA;0;2;NA;nottingham;52.9456;-1.18986
upstream;Nottingham;1991;NA;0;2;NA;nottingham;52.9456;-1.18986
upstream;Nottingham;1992;NA;0;2;NA;nottingham;52.9456;-1.18986
upstream;Nottingham;1993;NA;0;2;NA;nottingham;52.9456;-1.18986
upstream;Nottingham;1994;60900;8;2;Poor;nottingham;52.9456;-1.18986
upstream;Nottingham;1995;27720;7;2;Poor;nottingham;52.9456;-1.18986
upstream;Oaxaca de Juarez;2012;2400;21;7;Poor;oaxaca de juarez;17.06654;-96.73314
upstream;Oaxaca de Juarez;2013;1230;40;7;Good;oaxaca de juarez;17.06654;-96.73314
upstream;Oaxaca de Juarez;2014;24000;38;7;Poor;oaxaca de juarez;17.06654;-96.73314
upstream;Oaxaca de Juarez;2015;24000;42;7;Poor;oaxaca de juarez;17.06654;-96.73314
upstream;Oaxaca de Juarez;2016;24000;27;7;Poor;oaxaca de juarez;17.06654;-96.73314
upstream;Oaxaca de Juarez;2017;24000;24;7;Poor;oaxaca de juarez;17.06654;-96.73314
upstream;Oaxaca de Juarez;2018;24000;30;7;Poor;oaxaca de juarez;17.06654;-96.73314
upstream;Oaxaca de Juarez;2019;24000;5;7;Poor;oaxaca de juarez;17.06654;-96.73314
upstream;Oaxaca de Juarez;2020;15360;5;7;Poor;oaxaca de juarez;17.06654;-96.73314
upstream;Oaxaca de Juarez;2021;24000;7;7;Poor;oaxaca de juarez;17.06654;-96.73314
upstream;Ottappalam;1986;NA;0;3;NA;ottappalam;10.79731;76.16291
upstream;Ottappalam;1987;NA;0;3;NA;ottappalam;10.79731;76.16291
upstream;Ottappalam;1988;NA;0;3;NA;ottappalam;10.79731;76.16291
upstream;Ottappalam;1989;NA;0;3;NA;ottappalam;10.79731;76.16291
upstream;Ottappalam;1990;NA;0;3;NA;ottappalam;10.79731;76.16291
upstream;Ottappalam;1991;NA;0;3;NA;ottappalam;10.79731;76.16291
upstream;Ottappalam;1992;NA;0;3;NA;ottappalam;10.79731;76.16291
upstream;Ottappalam;1993;NA;0;3;NA;ottappalam;10.79731;76.16291
upstream;Ottappalam;1994;NA;0;3;NA;ottappalam;10.79731;76.16291
upstream;Ottappalam;1995;NA;0;3;NA;ottappalam;10.79731;76.16291
upstream;Ottappalam;1996;NA;0;3;NA;ottappalam;10.79731;76.16291
upstream;Ottappalam;1997;NA;0;3;NA;ottappalam;10.79731;76.16291
upstream;Ottappalam;1998;NA;0;3;NA;ottappalam;10.79731;76.16291
upstream;Ottappalam;1999;NA;0;3;NA;ottappalam;10.79731;76.16291
upstream;Ottappalam;2000;NA;0;3;NA;ottappalam;10.79731;76.16291
upstream;Ottappalam;2001;NA;0;3;NA;ottappalam;10.79731;76.16291
upstream;Ottappalam;2002;NA;0;3;NA;ottappalam;10.79731;76.16291
upstream;Ottappalam;2003;NA;0;3;NA;ottappalam;10.79731;76.16291
upstream;Ottappalam;2004;NA;0;3;NA;ottappalam;10.79731;76.16291
upstream;Ottappalam;2005;NA;0;3;NA;ottappalam;10.79731;76.16291
upstream;Ottappalam;2006;NA;0;3;NA;ottappalam;10.79731;76.16291
upstream;Ottappalam;2008;NA;0;3;NA;ottappalam;10.79731;76.16291
upstream;Ottappalam;2009;NA;0;3;NA;ottappalam;10.79731;76.16291
upstream;Ottappalam;2010;NA;0;3;NA;ottappalam;10.79731;76.16291
upstream;Ottappalam;2011;1600;1;3;Good;ottappalam;10.79731;76.16291
upstream;Ottappalam;2012;1468;2;3;Good;ottappalam;10.79731;76.16291
upstream;Ottappalam;2013;1600;9;3;Good;ottappalam;10.79731;76.16291
upstream;Ottappalam;2014;1600;4;3;Good;ottappalam;10.79731;76.16291
upstream;Ottappalam;2015;NA;0;3;NA;ottappalam;10.79731;76.16291
upstream;Ottappalam;2016;NA;0;3;NA;ottappalam;10.79731;76.16291
upstream;Ottappalam;2017;NA;0;3;NA;ottappalam;10.79731;76.16291
upstream;Ottappalam;2018;300;12;3;Good;ottappalam;10.79731;76.16291
upstream;Ottappalam;2019;380;12;3;Good;ottappalam;10.79731;76.16291
upstream;Ottappalam;2020;310;11;3;Good;ottappalam;10.79731;76.16291
upstream;Ottappalam;2021;1700;9;3;Good;ottappalam;10.79731;76.16291
upstream;Paris;1980;23100;24;5;Poor;paris;48.84683;2.31329
upstream;Paris;1981;24000;24;5;Poor;paris;48.84683;2.31329
upstream;Paris;1982;24000;36;5;Poor;paris;48.84683;2.31329
upstream;Paris;1983;9300;36;5;Poor;paris;48.84683;2.31329
upstream;Paris;1984;15000;36;5;Poor;paris;48.84683;2.31329
upstream;Paris;1985;46000;27;5;Poor;paris;48.84683;2.31329
upstream;Paris;1986;93000;30;5;Poor;paris;48.84683;2.31329
upstream;Paris;1987;110000;24;5;Poor;paris;48.84683;2.31329
upstream;Paris;1988;NA;0;5;NA;paris;48.84683;2.31329
upstream;Paris;1989;94700;30;5;Poor;paris;48.84683;2.31329
upstream;Paris;1990;44200;27;5;Poor;paris;48.84683;2.31329
upstream;Paris;1991;24000;23;5;Poor;paris;48.84683;2.31329
upstream;Paris;1992;NA;0;5;NA;paris;48.84683;2.31329
upstream;Paris;1993;NA;0;5;NA;paris;48.84683;2.31329
upstream;Paris;1994;NA;0;5;NA;paris;48.84683;2.31329
upstream;Paris;1995;NA;0;5;NA;paris;48.84683;2.31329
upstream;Paris;1996;NA;0;5;NA;paris;48.84683;2.31329
upstream;Paris;2003;NA;0;5;NA;paris;48.84683;2.31329
upstream;Paris;2004;NA;0;5;NA;paris;48.84683;2.31329
upstream;Paris;2005;NA;0;5;NA;paris;48.84683;2.31329
upstream;Paris;2006;NA;0;5;NA;paris;48.84683;2.31329
upstream;Paris;2007;NA;0;5;NA;paris;48.84683;2.31329
upstream;Paris;2008;NA;0;5;NA;paris;48.84683;2.31329
upstream;Paris;2009;NA;0;5;NA;paris;48.84683;2.31329
upstream;Paris;2010;NA;0;5;NA;paris;48.84683;2.31329
upstream;Paris;2011;NA;0;5;NA;paris;48.84683;2.31329
upstream;Paris;2012;NA;0;5;NA;paris;48.84683;2.31329
upstream;Paris;2013;NA;0;5;NA;paris;48.84683;2.31329
upstream;Paris;2014;NA;0;5;NA;paris;48.84683;2.31329
upstream;Paris;2015;NA;0;5;NA;paris;48.84683;2.31329
upstream;Paris;2016;NA;0;5;NA;paris;48.84683;2.31329
upstream;Paris;2017;NA;0;5;NA;paris;48.84683;2.31329
upstream;Paris;2018;NA;0;5;NA;paris;48.84683;2.31329
upstream;Paris;2019;NA;0;5;NA;paris;48.84683;2.31329
upstream;Paris;2021;NA;0;5;NA;paris;48.84683;2.31329
upstream;Patna;2006;NA;0;11;NA;patna;25.58727;85.15155
upstream;Patna;2007;NA;0;11;NA;patna;25.58727;85.15155
upstream;Patna;2008;NA;0;11;NA;patna;25.58727;85.15155
upstream;Patna;2009;NA;0;11;NA;patna;25.58727;85.15155
upstream;Patna;2010;NA;0;11;NA;patna;25.58727;85.15155
upstream;Patna;2011;NA;0;11;NA;patna;25.58727;85.15155
upstream;Patna;2012;NA;0;11;NA;patna;25.58727;85.15155
upstream;Patna;2013;NA;0;11;NA;patna;25.58727;85.15155
upstream;Patna;2014;NA;0;11;NA;patna;25.58727;85.15155
upstream;Patna;2015;NA;0;11;NA;patna;25.58727;85.15155
upstream;Patna;2016;NA;0;11;NA;patna;25.58727;85.15155
upstream;Patna;2017;NA;0;11;NA;patna;25.58727;85.15155
upstream;Patna;2018;11000;68;11;Poor;patna;25.58727;85.15155
upstream;Patna;2019;17000;48;11;Poor;patna;25.58727;85.15155
upstream;Patna;2020;160000;88;11;Poor;patna;25.58727;85.15155
upstream;Patna;2021;28000;28;11;Poor;patna;25.58727;85.15155
upstream;Petrolina;2004;NA;0;1;NA;petrolina;-9.40249;-40.49983
upstream;Phnum Penh;1993;NA;0;1;NA;phnum penh;11.57982;105.12175
upstream;Phnum Penh;1994;NA;0;1;NA;phnum penh;11.57982;105.12175
upstream;Phnum Penh;1995;NA;0;1;NA;phnum penh;11.57982;105.12175
upstream;Porto Velho;2004;NA;0;1;NA;porto velho;-8.73004;-63.89876
upstream;Praha;2004;NA;0;2;NA;praha;50.33495;14.36135
upstream;Praha;2005;NA;0;2;NA;praha;50.33495;14.36135
upstream;Praha;2006;NA;0;2;NA;praha;50.33495;14.36135
upstream;Praha;2007;NA;0;2;NA;praha;50.33495;14.36135
upstream;Praha;2008;NA;0;2;NA;praha;50.33495;14.36135
upstream;Praha;2009;NA;0;2;NA;praha;50.33495;14.36135
upstream;Praha;2010;NA;0;2;NA;praha;50.33495;14.36135
upstream;Praha;2011;NA;0;2;NA;praha;50.33495;14.36135
upstream;Praha;2012;NA;0;2;NA;praha;50.33495;14.36135
upstream;Praha;2013;NA;0;2;NA;praha;50.33495;14.36135
upstream;Praha;2014;NA;0;2;NA;praha;50.33495;14.36135
upstream;Praha;2015;NA;0;2;NA;praha;50.33495;14.36135
upstream;Praha;2016;NA;0;2;NA;praha;50.33495;14.36135
upstream;Praha;2018;NA;0;2;NA;praha;50.33495;14.36135
upstream;Praha;2020;NA;0;2;NA;praha;50.33495;14.36135
upstream;Preston;1990;6470;10;2;Poor;preston;53.80073;-2.55805
upstream;Preston;1991;3600;36;2;Poor;preston;53.80073;-2.55805
upstream;Preston;1992;4620;7;2;Poor;preston;53.80073;-2.55805
upstream;Preston;1993;4880;9;2;Poor;preston;53.80073;-2.55805
upstream;Preston;1994;5000;11;2;Poor;preston;53.80073;-2.55805
upstream;Preston;1995;13000;11;2;Poor;preston;53.80073;-2.55805
upstream;Preston;2005;NA;0;2;NA;preston;53.80073;-2.55805
upstream;Preston;2009;NA;0;2;NA;preston;53.80073;-2.55805
upstream;Preston;2010;NA;0;2;NA;preston;53.80073;-2.55805
upstream;Preston;2011;NA;0;2;NA;preston;53.80073;-2.55805
upstream;Preston;2012;NA;0;2;NA;preston;53.80073;-2.55805
upstream;Puebla;2012;2400;3;2;Poor;puebla;19.07391;-98.22698
upstream;Puebla;2013;1665;6;2;Good;puebla;19.07391;-98.22698
upstream;Puebla;2014;24000;6;2;Poor;puebla;19.07391;-98.22698
upstream;Puebla;2015;24000;6;2;Poor;puebla;19.07391;-98.22698
upstream;Puebla;2016;24000;12;2;Poor;puebla;19.07391;-98.22698
upstream;Puebla;2017;24000;12;2;Poor;puebla;19.07391;-98.22698
upstream;Puebla;2018;24000;12;2;Poor;puebla;19.07391;-98.22698
upstream;Puebla;2019;24196;4;2;Poor;puebla;19.07391;-98.22698
upstream;Puebla;2020;24000;2;2;Poor;puebla;19.07391;-98.22698
upstream;Puebla;2021;24000;2;2;Poor;puebla;19.07391;-98.22698
upstream;Puerto Alegre;1983;1192;2;10;Good;puerto alegre;-30.07275;-51.17693
upstream;Puerto Alegre;1984;8,52E+14;9;10;Good;puerto alegre;-30.07275;-51.17693
upstream;Puerto Alegre;1985;270;7;10;Good;puerto alegre;-30.07275;-51.17693
upstream;Puerto Alegre;1986;9,8E+14;9;10;Good;puerto alegre;-30.07275;-51.17693
upstream;Puerto Alegre;1987;9,8E+14;9;10;Poor;puerto alegre;-30.07275;-51.17693
upstream;Puerto Alegre;1988;1700;11;10;Good;puerto alegre;-30.07275;-51.17693
upstream;Puerto Alegre;1989;604;3;10;Good;puerto alegre;-30.07275;-51.17693
upstream;Puerto Alegre;2001;150000;50;10;Poor;puerto alegre;-30.07275;-51.17693
upstream;Puerto Alegre;2002;340000;37;10;Poor;puerto alegre;-30.07275;-51.17693
upstream;Puerto Alegre;2003;2543;2;10;Poor;puerto alegre;-30.07275;-51.17693
upstream;Puerto Alegre;2004;2490;1;10;Poor;puerto alegre;-30.07275;-51.17693
upstream;Puerto Alegre;2005;2;2;10;Good;puerto alegre;-30.07275;-51.17693
upstream;Puerto Alegre;2006;5760490;2;10;Poor;puerto alegre;-30.07275;-51.17693
upstream;Puerto Alegre;2007;NA;0;10;NA;puerto alegre;-30.07275;-51.17693
upstream;Puerto Alegre;2008;13000;1;10;Poor;puerto alegre;-30.07275;-51.17693
upstream;Puerto Alegre;2009;NA;0;10;NA;puerto alegre;-30.07275;-51.17693
upstream;Puerto Alegre;2010;44680;5;10;Poor;puerto alegre;-30.07275;-51.17693
upstream;Puerto Alegre;2011;19200;5;10;Poor;puerto alegre;-30.07275;-51.17693
upstream;Puerto Alegre;2012;NA;0;10;NA;puerto alegre;-30.07275;-51.17693
upstream;Puerto Alegre;2013;NA;0;10;NA;puerto alegre;-30.07275;-51.17693
upstream;Puerto Alegre;2015;NA;0;10;NA;puerto alegre;-30.07275;-51.17693
upstream;Queretaro;2012;NA;0;1;NA;queretaro;20.60027;-100.41385
upstream;Queretaro;2013;13200;6;1;Poor;queretaro;20.60027;-100.41385
upstream;Queretaro;2014;24000;6;1;Poor;queretaro;20.60027;-100.41385
upstream;Queretaro;2015;24000;6;1;Poor;queretaro;20.60027;-100.41385
upstream;Queretaro;2016;24000;6;1;Poor;queretaro;20.60027;-100.41385
upstream;Queretaro;2017;24000;6;1;Poor;queretaro;20.60027;-100.41385
upstream;Queretaro;2018;24000;6;1;Poor;queretaro;20.60027;-100.41385
upstream;Queretaro;2019;24000;1;1;Poor;queretaro;20.60027;-100.41385
upstream;Queretaro;2020;24000;1;1;Poor;queretaro;20.60027;-100.41385
upstream;Rajahmundry;1980;NA;0;4;NA;rajahmundry;17.00129;81.77432
upstream;Rajahmundry;1981;62;6;4;Good;rajahmundry;17.00129;81.77432
upstream;Rajahmundry;1982;179;8;4;Good;rajahmundry;17.00129;81.77432
upstream;Rajahmundry;1983;34;7;4;Good;rajahmundry;17.00129;81.77432
upstream;Rajahmundry;1984;0;12;4;Good;rajahmundry;17.00129;81.77432
upstream;Rajahmundry;1985;6E+14;9;4;Good;rajahmundry;17.00129;81.77432
upstream;Rajahmundry;1986;4;12;4;Good;rajahmundry;17.00129;81.77432
upstream;Rajahmundry;1987;7;9;4;Good;rajahmundry;17.00129;81.77432
upstream;Rajahmundry;1988;4;6;4;Good;rajahmundry;17.00129;81.77432
upstream;Rajahmundry;1989;NA;0;4;NA;rajahmundry;17.00129;81.77432
upstream;Rajahmundry;1990;0;9;4;Good;rajahmundry;17.00129;81.77432
upstream;Rajahmundry;1991;0;1;4;Good;rajahmundry;17.00129;81.77432
upstream;Rajahmundry;1992;NA;0;4;NA;rajahmundry;17.00129;81.77432
upstream;Rajahmundry;1993;NA;0;4;NA;rajahmundry;17.00129;81.77432
upstream;Rajahmundry;1994;NA;0;4;NA;rajahmundry;17.00129;81.77432
upstream;Rajahmundry;1995;NA;0;4;NA;rajahmundry;17.00129;81.77432
upstream;Rajahmundry;1996;0;2;4;Good;rajahmundry;17.00129;81.77432
upstream;Rajahmundry;1997;NA;0;4;NA;rajahmundry;17.00129;81.77432
upstream;Rajahmundry;1998;NA;0;4;NA;rajahmundry;17.00129;81.77432
upstream;Rajahmundry;1999;NA;0;4;NA;rajahmundry;17.00129;81.77432
upstream;Rajahmundry;2000;393;2;4;Good;rajahmundry;17.00129;81.77432
upstream;Rajahmundry;2001;1341;8;4;Good;rajahmundry;17.00129;81.77432
upstream;Rajahmundry;2002;572;15;4;Good;rajahmundry;17.00129;81.77432
upstream;Rajahmundry;2003;1710;14;4;Good;rajahmundry;17.00129;81.77432
upstream;Rajahmundry;2004;230;6;4;Good;rajahmundry;17.00129;81.77432
upstream;Rajahmundry;2005;3600;13;4;Poor;rajahmundry;17.00129;81.77432
upstream;Rajahmundry;2006;14600;23;4;Poor;rajahmundry;17.00129;81.77432
upstream;Rajahmundry;2007;16000;23;4;Poor;rajahmundry;17.00129;81.77432
upstream;Rajahmundry;2008;13280;23;4;Poor;rajahmundry;17.00129;81.77432
upstream;Rajahmundry;2009;15300;12;4;Poor;rajahmundry;17.00129;81.77432
upstream;Rajahmundry;2010;16000;12;4;Poor;rajahmundry;17.00129;81.77432
upstream;Rajahmundry;2011;16000;12;4;Poor;rajahmundry;17.00129;81.77432
upstream;Rajahmundry;2012;2240;12;4;Poor;rajahmundry;17.00129;81.77432
upstream;Rajahmundry;2013;16000;12;4;Poor;rajahmundry;17.00129;81.77432
upstream;Rajahmundry;2014;9,652E+14;5;4;Poor;rajahmundry;17.00129;81.77432
upstream;Rajahmundry;2018;21;24;4;Good;rajahmundry;17.00129;81.77432
upstream;Rajahmundry;2019;11;24;4;Good;rajahmundry;17.00129;81.77432
upstream;Rajahmundry;2020;11;24;4;Good;rajahmundry;17.00129;81.77432
upstream;Rajahmundry;2021;9;6;4;Good;rajahmundry;17.00129;81.77432
upstream;Recife;2004;NA;0;1;NA;recife;-7.91701;-35.30915
upstream;Resistencia;2018;NA;0;1;NA;resistencia;-27.32938;-58.83062
upstream;Resistencia;2019;NA;0;1;NA;resistencia;-27.32938;-58.83062
upstream;Resistencia;2020;NA;0;1;NA;resistencia;-27.32938;-58.83062
upstream;Resistencia;2021;NA;0;1;NA;resistencia;-27.32938;-58.83062
upstream;Resistencia;2022;NA;0;1;NA;resistencia;-27.32938;-58.83062
upstream;Roma;2007;NA;0;3;NA;roma;41.89501;12.53195
upstream;Roma;2008;NA;0;3;NA;roma;41.89501;12.53195
upstream;Roma;2009;NA;0;3;NA;roma;41.89501;12.53195
upstream;Roma;2010;NA;0;3;NA;roma;41.89501;12.53195
upstream;Roma;2011;NA;0;3;NA;roma;41.89501;12.53195
upstream;Roma;2017;NA;0;3;NA;roma;41.89501;12.53195
upstream;Roma;2018;NA;0;3;NA;roma;41.89501;12.53195
upstream;Roma;2019;NA;0;3;NA;roma;41.89501;12.53195
upstream;Roma;2020;NA;0;3;NA;roma;41.89501;12.53195
upstream;Roma;2021;NA;0;3;NA;roma;41.89501;12.53195
upstream;Rosario;2019;NA;0;1;NA;rosario;-32.79936;-60.60236
upstream;Rosario;2020;NA;0;1;NA;rosario;-32.79936;-60.60236
upstream;Rosario;2021;NA;0;1;NA;rosario;-32.79936;-60.60236
upstream;Rosario;2022;NA;0;1;NA;rosario;-32.79936;-60.60236
upstream;Sacramento;1996;NA;0;3;NA;sacramento;38.63925;-121.52287
upstream;Sacramento;1997;NA;0;3;NA;sacramento;38.63925;-121.52287
upstream;Sacramento;1998;NA;0;3;NA;sacramento;38.63925;-121.52287
upstream;Santa Fe;2019;NA;0;1;NA;santa fe;-31.63964;-60.63077
upstream;Santa Fe;2020;NA;0;1;NA;santa fe;-31.63964;-60.63077
upstream;Santa Fe;2021;NA;0;1;NA;santa fe;-31.63964;-60.63077
upstream;Santa Fe;2022;NA;0;1;NA;santa fe;-31.63964;-60.63077
upstream;Santiago (de Chile);1980;1300;17;8;Good;santiago (de chile);-33.48131;-70.65196
upstream;Santiago (de Chile);1981;935;16;8;Good;santiago (de chile);-33.48131;-70.65196
upstream;Santiago (de Chile);1982;12540;7;8;Poor;santiago (de chile);-33.48131;-70.65196
upstream;Santiago (de Chile);1983;1400;6;8;Good;santiago (de chile);-33.48131;-70.65196
upstream;Santiago (de Chile);1984;1800;9;8;Good;santiago (de chile);-33.48131;-70.65196
upstream;Santiago (de Chile);1985;NA;0;8;NA;santiago (de chile);-33.48131;-70.65196
upstream;Santiago (de Chile);1986;150;1;8;Good;santiago (de chile);-33.48131;-70.65196
upstream;Santiago (de Chile);1987;1370;4;8;Good;santiago (de chile);-33.48131;-70.65196
upstream;Santiago (de Chile);1988;464;5;8;Good;santiago (de chile);-33.48131;-70.65196
upstream;Santiago (de Chile);1989;NA;0;8;NA;santiago (de chile);-33.48131;-70.65196
upstream;Santiago (de Chile);1990;NA;0;8;NA;santiago (de chile);-33.48131;-70.65196
upstream;Santiago (de Chile);1991;NA;0;8;NA;santiago (de chile);-33.48131;-70.65196
upstream;Santiago (de Chile);1992;NA;0;8;NA;santiago (de chile);-33.48131;-70.65196
upstream;Santiago (de Chile);1993;NA;0;8;NA;santiago (de chile);-33.48131;-70.65196
upstream;Santiago (de Chile);1994;NA;0;8;NA;santiago (de chile);-33.48131;-70.65196
upstream;Santiago (de Chile);1995;NA;0;8;NA;santiago (de chile);-33.48131;-70.65196
upstream;Santiago (de Chile);1997;NA;0;8;NA;santiago (de chile);-33.48131;-70.65196
upstream;Santiago (de Chile);1998;NA;0;8;NA;santiago (de chile);-33.48131;-70.65196
upstream;Santiago (de Chile);1999;NA;0;8;NA;santiago (de chile);-33.48131;-70.65196
upstream;Santiago (de Chile);2000;NA;0;8;NA;santiago (de chile);-33.48131;-70.65196
upstream;Santiago (de Chile);2001;NA;0;8;NA;santiago (de chile);-33.48131;-70.65196
upstream;Santiago (de Chile);2002;NA;0;8;NA;santiago (de chile);-33.48131;-70.65196
upstream;Santiago (de Chile);2003;NA;0;8;NA;santiago (de chile);-33.48131;-70.65196
upstream;Santiago (de Chile);2004;NA;0;8;NA;santiago (de chile);-33.48131;-70.65196
upstream;Santiago (de Chile);2005;NA;0;8;NA;santiago (de chile);-33.48131;-70.65196
upstream;Santiago (de Chile);2006;NA;0;8;NA;santiago (de chile);-33.48131;-70.65196
upstream;Santiago (de Chile);2007;NA;0;8;NA;santiago (de chile);-33.48131;-70.65196
upstream;Santiago (de Chile);2008;NA;0;8;NA;santiago (de chile);-33.48131;-70.65196
upstream;Santiago (de Chile);2009;NA;0;8;NA;santiago (de chile);-33.48131;-70.65196
upstream;Santiago (de Chile);2010;NA;0;8;NA;santiago (de chile);-33.48131;-70.65196
upstream;Santiago (de Chile);2011;NA;0;8;NA;santiago (de chile);-33.48131;-70.65196
upstream;Santiago (de Chile);2012;NA;0;8;NA;santiago (de chile);-33.48131;-70.65196
upstream;Santiago (de Chile);2013;NA;0;8;NA;santiago (de chile);-33.48131;-70.65196
upstream;Santiago (de Chile);2014;NA;0;8;NA;santiago (de chile);-33.48131;-70.65196
upstream;Santiago (de Chile);2015;NA;0;8;NA;santiago (de chile);-33.48131;-70.65196
upstream;Santiago (de Chile);2016;NA;0;8;NA;santiago (de chile);-33.48131;-70.65196
upstream;Santiago (de Chile);2017;NA;0;8;NA;santiago (de chile);-33.48131;-70.65196
upstream;Santiago (de Chile);2018;NA;0;8;NA;santiago (de chile);-33.48131;-70.65196
upstream;Santipur;2018;140000;12;1;Poor;santipur;23.32774;88.36185
upstream;Santipur;2019;140000;21;1;Poor;santipur;23.32774;88.36185
upstream;Santipur;2020;65000;16;1;Poor;santipur;23.32774;88.36185
upstream;Santipur;2021;15500;6;1;Poor;santipur;23.32774;88.36185
upstream;Skopje;2008;NA;0;1;NA;skopje;41.89908;21.62447
upstream;Skopje;2009;NA;0;1;NA;skopje;41.89908;21.62447
upstream;Skopje;2010;NA;0;1;NA;skopje;41.89908;21.62447
upstream;Skopje;2011;NA;0;1;NA;skopje;41.89908;21.62447
upstream;Skopje;2012;NA;0;1;NA;skopje;41.89908;21.62447
upstream;Skopje;2013;NA;0;1;NA;skopje;41.89908;21.62447
upstream;Skopje;2014;NA;0;1;NA;skopje;41.89908;21.62447
upstream;Skopje;2015;NA;0;1;NA;skopje;41.89908;21.62447
upstream;Skopje;2016;NA;0;1;NA;skopje;41.89908;21.62447
upstream;Skopje;2017;NA;0;1;NA;skopje;41.89908;21.62447
upstream;Skopje;2018;NA;0;1;NA;skopje;41.89908;21.62447
upstream;Skopje;2019;NA;0;1;NA;skopje;41.89908;21.62447
upstream;Skopje;2020;NA;0;1;NA;skopje;41.89908;21.62447
upstream;Skopje;2021;NA;0;1;NA;skopje;41.89908;21.62447
upstream;Srinagar;2018;NA;0;3;NA;srinagar;34.09194;74.81543
upstream;Srinagar;2019;NA;0;3;NA;srinagar;34.09194;74.81543
upstream;Srinagar;2020;NA;0;3;NA;srinagar;34.09194;74.81543
upstream;St. Louis;1980;5340;23;3;Poor;st. louis;39.04931;-91.01457
upstream;St. Louis;1981;2100;16;3;Poor;st. louis;39.04931;-91.01457
upstream;St. Louis;1982;7040;13;3;Poor;st. louis;39.04931;-91.01457
upstream;St. Louis;1983;1830;12;3;Good;st. louis;39.04931;-91.01457
upstream;St. Louis;1984;3880;19;3;Poor;st. louis;39.04931;-91.01457
upstream;St. Louis;1985;2600;20;3;Poor;st. louis;39.04931;-91.01457
upstream;St. Louis;1986;2960;19;3;Poor;st. louis;39.04931;-91.01457
upstream;St. Louis;1987;1340;19;3;Good;st. louis;39.04931;-91.01457
upstream;St. Louis;1988;500;21;3;Good;st. louis;39.04931;-91.01457
upstream;St. Louis;1989;375;26;3;Good;st. louis;39.04931;-91.01457
upstream;St. Louis;1990;854;24;3;Good;st. louis;39.04931;-91.01457
upstream;St. Louis;1991;4390;14;3;Poor;st. louis;39.04931;-91.01457
upstream;St. Louis;1992;4440;17;3;Poor;st. louis;39.04931;-91.01457
upstream;St. Louis;1993;1710;26;3;Good;st. louis;39.04931;-91.01457
upstream;St. Louis;1994;1068;23;3;Good;st. louis;39.04931;-91.01457
upstream;St. Louis;1995;1157;14;3;Good;st. louis;39.04931;-91.01457
upstream;St. Louis;1996;1300;21;3;Good;st. louis;39.04931;-91.01457
upstream;St. Louis;1997;957;30;3;Good;st. louis;39.04931;-91.01457
upstream;St. Louis;1998;3480;30;3;Poor;st. louis;39.04931;-91.01457
upstream;St. Louis;1999;1660;30;3;Good;st. louis;39.04931;-91.01457
upstream;St. Louis;2000;1650;26;3;Good;st. louis;39.04931;-91.01457
upstream;St. Louis;2001;1560;32;3;Good;st. louis;39.04931;-91.01457
upstream;St. Louis;2002;2450;26;3;Poor;st. louis;39.04931;-91.01457
upstream;St. Louis;2003;1160;27;3;Good;st. louis;39.04931;-91.01457
upstream;St. Louis;2004;1660;27;3;Good;st. louis;39.04931;-91.01457
upstream;St. Louis;2005;888;29;3;Good;st. louis;39.04931;-91.01457
upstream;St. Louis;2006;369;28;3;Good;st. louis;39.04931;-91.01457
upstream;St. Louis;2007;720;27;3;Good;st. louis;39.04931;-91.01457
upstream;St. Louis;2008;1600;25;3;Good;st. louis;39.04931;-91.01457
upstream;St. Louis;2009;535;24;3;Good;st. louis;39.04931;-91.01457
upstream;St. Louis;2010;728;25;3;Good;st. louis;39.04931;-91.01457
upstream;St. Louis;2011;676;25;3;Good;st. louis;39.04931;-91.01457
upstream;St. Louis;2012;576;24;3;Good;st. louis;39.04931;-91.01457
upstream;St. Louis;2013;2600;26;3;Poor;st. louis;39.04931;-91.01457
upstream;St. Louis;2014;8,96E+14;27;3;Good;st. louis;39.04931;-91.01457
upstream;St. Louis;2015;2200;28;3;Poor;st. louis;39.04931;-91.01457
upstream;St. Louis;2016;494;30;3;Good;st. louis;39.04931;-91.01457
upstream;St. Louis;2017;600;29;3;Good;st. louis;39.04931;-91.01457
upstream;St. Louis;2018;652;27;3;Good;st. louis;39.04931;-91.01457
upstream;St. Louis;2019;1260;29;3;Good;st. louis;39.04931;-91.01457
upstream;St. Louis;2020;2224;4;3;Good;st. louis;39.04931;-91.01457
upstream;Sylhet;2003;NA;0;2;NA;sylhet;24.97196;92.27764
upstream;Sylhet;2004;NA;0;2;NA;sylhet;24.97196;92.27764
upstream;Sylhet;2005;NA;0;2;NA;sylhet;24.97196;92.27764
upstream;Sylhet;2006;NA;0;2;NA;sylhet;24.97196;92.27764
upstream;Sylhet;2007;NA;0;2;NA;sylhet;24.97196;92.27764
upstream;Sylhet;2008;NA;0;2;NA;sylhet;24.97196;92.27764
upstream;Sylhet;2009;NA;0;2;NA;sylhet;24.97196;92.27764
upstream;Sylhet;2010;NA;0;2;NA;sylhet;24.97196;92.27764
upstream;Sylhet;2011;NA;0;2;NA;sylhet;24.97196;92.27764
upstream;Sylhet;2012;NA;0;2;NA;sylhet;24.97196;92.27764
upstream;Sylhet;2013;NA;0;2;NA;sylhet;24.97196;92.27764
upstream;Sylhet;2014;NA;0;2;NA;sylhet;24.97196;92.27764
upstream;Sylhet;2015;NA;0;2;NA;sylhet;24.97196;92.27764
upstream;Sylhet;2016;NA;0;2;NA;sylhet;24.97196;92.27764
upstream;Sylhet;2017;NA;0;2;NA;sylhet;24.97196;92.27764
upstream;Sylhet;2018;NA;0;2;NA;sylhet;24.97196;92.27764
upstream;Sylhet;2019;NA;0;2;NA;sylhet;24.97196;92.27764
upstream;Sylhet;2020;NA;0;2;NA;sylhet;24.97196;92.27764
upstream;Sylhet;2021;NA;0;2;NA;sylhet;24.97196;92.27764
upstream;Szczecin;2012;NA;0;1;NA;szczecin;53.42544;14.58894
upstream;Szczecin;2013;NA;0;1;NA;szczecin;53.42544;14.58894
upstream;Szczecin;2014;NA;0;1;NA;szczecin;53.42544;14.58894
upstream;Szczecin;2015;NA;0;1;NA;szczecin;53.42544;14.58894
upstream;Szczecin;2016;NA;0;1;NA;szczecin;53.42544;14.58894
upstream;Szczecin;2017;NA;0;1;NA;szczecin;53.42544;14.58894
upstream;Szczecin;2018;NA;0;1;NA;szczecin;53.42544;14.58894
upstream;Szczecin;2019;NA;0;1;NA;szczecin;53.42544;14.58894
upstream;São Paulo;1989;40;6;3;Good;sao paulo;-23.58455;-46.591079999999998
upstream;São Paulo;1990;80;6;3;Good;sao paulo;-23.58455;-46.591079999999998
upstream;São Paulo;1991;225;6;3;Good;sao paulo;-23.58455;-46.591079999999998
upstream;São Paulo;1992;21;6;3;Good;sao paulo;-23.58455;-46.591079999999998
upstream;São Paulo;1993;3565;6;3;Poor;sao paulo;-23.58455;-46.591079999999998
upstream;São Paulo;1994;80;6;3;Good;sao paulo;-23.58455;-46.591079999999998
upstream;São Paulo;1995;118;7;3;Good;sao paulo;-23.58455;-46.591079999999998
upstream;São Paulo;1996;1185;6;3;Good;sao paulo;-23.58455;-46.591079999999998
upstream;São Paulo;1997;425;6;3;Good;sao paulo;-23.58455;-46.591079999999998
upstream;São Paulo;1998;2900;6;3;Poor;sao paulo;-23.58455;-46.591079999999998
upstream;São Paulo;1999;4850;6;3;Poor;sao paulo;-23.58455;-46.591079999999998
upstream;São Paulo;2000;1200;6;3;Good;sao paulo;-23.58455;-46.591079999999998
upstream;São Paulo;2001;7440;17;3;Poor;sao paulo;-23.58455;-46.591079999999998
upstream;São Paulo;2002;2860;18;3;Poor;sao paulo;-23.58455;-46.591079999999998
upstream;São Paulo;2003;510;18;3;Good;sao paulo;-23.58455;-46.591079999999998
upstream;São Paulo;2004;468;18;3;Good;sao paulo;-23.58455;-46.591079999999998
upstream;São Paulo;2005;392;18;3;Good;sao paulo;-23.58455;-46.591079999999998
upstream;São Paulo;2006;1792;17;3;Good;sao paulo;-23.58455;-46.591079999999998
upstream;São Paulo;2007;826;18;3;Good;sao paulo;-23.58455;-46.591079999999998
upstream;São Paulo;2008;260;18;3;Good;sao paulo;-23.58455;-46.591079999999998
upstream;São Paulo;2009;4020;18;3;Poor;sao paulo;-23.58455;-46.591079999999998
upstream;São Paulo;2010;772;18;3;Good;sao paulo;-23.58455;-46.591079999999998
upstream;São Paulo;2011;496;18;3;Good;sao paulo;-23.58455;-46.591079999999998
upstream;São Paulo;2012;NA;0;3;NA;sao paulo;-23.58455;-46.591079999999998
upstream;São Paulo;2013;NA;0;3;NA;sao paulo;-23.58455;-46.591079999999998
upstream;São Paulo;2014;NA;0;3;NA;sao paulo;-23.58455;-46.591079999999998
upstream;São Paulo;2015;NA;0;3;NA;sao paulo;-23.58455;-46.591079999999998
upstream;Tiruchirappalli;1980;NA;0;4;NA;tiruchirappalli;10.82377;78.7439
upstream;Tiruchirappalli;1981;NA;0;4;NA;tiruchirappalli;10.82377;78.7439
upstream;Tiruchirappalli;1982;NA;0;4;NA;tiruchirappalli;10.82377;78.7439
upstream;Tiruchirappalli;1983;NA;0;4;NA;tiruchirappalli;10.82377;78.7439
upstream;Tiruchirappalli;1984;NA;0;4;NA;tiruchirappalli;10.82377;78.7439
upstream;Tiruchirappalli;1985;150;10;4;Good;tiruchirappalli;10.82377;78.7439
upstream;Tiruchirappalli;1986;150;12;4;Good;tiruchirappalli;10.82377;78.7439
upstream;Tiruchirappalli;1987;1100;10;4;Good;tiruchirappalli;10.82377;78.7439
upstream;Tiruchirappalli;1988;1670;12;4;Good;tiruchirappalli;10.82377;78.7439
upstream;Tiruchirappalli;1989;7700;12;4;Poor;tiruchirappalli;10.82377;78.7439
upstream;Tiruchirappalli;1990;10600;12;4;Poor;tiruchirappalli;10.82377;78.7439
upstream;Tiruchirappalli;1991;4800;12;4;Poor;tiruchirappalli;10.82377;78.7439
upstream;Tiruchirappalli;1992;1E+15;10;4;Poor;tiruchirappalli;10.82377;78.7439
upstream;Tiruchirappalli;1993;57000;7;4;Poor;tiruchirappalli;10.82377;78.7439
upstream;Tiruchirappalli;1994;NA;0;4;NA;tiruchirappalli;10.82377;78.7439
upstream;Tiruchirappalli;1995;3300;12;4;Poor;tiruchirappalli;10.82377;78.7439
upstream;Tiruchirappalli;1996;2200;12;4;Poor;tiruchirappalli;10.82377;78.7439
upstream;Tiruchirappalli;1997;1100;12;4;Good;tiruchirappalli;10.82377;78.7439
upstream;Tiruchirappalli;1998;3210;12;4;Poor;tiruchirappalli;10.82377;78.7439
upstream;Tiruchirappalli;1999;327;12;4;Good;tiruchirappalli;10.82377;78.7439
upstream;Tiruchirappalli;2000;1810;10;4;Good;tiruchirappalli;10.82377;78.7439
upstream;Tiruchirappalli;2001;330;8;4;Good;tiruchirappalli;10.82377;78.7439
upstream;Tiruchirappalli;2002;152;4;4;Good;tiruchirappalli;10.82377;78.7439
upstream;Tiruchirappalli;2003;76;2;4;Good;tiruchirappalli;10.82377;78.7439
upstream;Tiruchirappalli;2004;278;2;4;Good;tiruchirappalli;10.82377;78.7439
upstream;Tiruchirappalli;2005;40;1;4;Good;tiruchirappalli;10.82377;78.7439
upstream;Tiruchirappalli;2006;210;3;4;Good;tiruchirappalli;10.82377;78.7439
upstream;Tiruchirappalli;2007;1618;4;4;Good;tiruchirappalli;10.82377;78.7439
upstream;Tiruchirappalli;2008;255;4;4;Good;tiruchirappalli;10.82377;78.7439
upstream;Tiruchirappalli;2009;NA;0;4;NA;tiruchirappalli;10.82377;78.7439
upstream;Tiruchirappalli;2010;NA;0;4;NA;tiruchirappalli;10.82377;78.7439
upstream;Tiruchirappalli;2011;NA;0;4;NA;tiruchirappalli;10.82377;78.7439
upstream;Tiruchirappalli;2012;NA;0;4;NA;tiruchirappalli;10.82377;78.7439
upstream;Tiruchirappalli;2013;NA;0;4;NA;tiruchirappalli;10.82377;78.7439
upstream;Tiruchirappalli;2014;NA;0;4;NA;tiruchirappalli;10.82377;78.7439
upstream;Tiruchirappalli;2015;NA;0;4;NA;tiruchirappalli;10.82377;78.7439
upstream;Tiruchirappalli;2016;NA;0;4;NA;tiruchirappalli;10.82377;78.7439
upstream;Tiruchirappalli;2017;NA;0;4;NA;tiruchirappalli;10.82377;78.7439
upstream;Tiruchirappalli;2018;580;16;4;Good;tiruchirappalli;10.82377;78.7439
upstream;Tiruchirappalli;2019;330;11;4;Good;tiruchirappalli;10.82377;78.7439
upstream;Tiruchirappalli;2020;196;14;4;Good;tiruchirappalli;10.82377;78.7439
upstream;Tiruchirappalli;2021;1980;17;4;Good;tiruchirappalli;10.82377;78.7439
upstream;Torino;2007;NA;0;8;NA;torino;45.07141;7.65385
upstream;Torino;2008;NA;0;8;NA;torino;45.07141;7.65385
upstream;Torino;2010;NA;0;8;NA;torino;45.07141;7.65385
upstream;Torino;2011;NA;0;8;NA;torino;45.07141;7.65385
upstream;Torino;2012;NA;0;8;NA;torino;45.07141;7.65385
upstream;Torino;2015;NA;0;8;NA;torino;45.07141;7.65385
upstream;Torino;2016;NA;0;8;NA;torino;45.07141;7.65385
upstream;Torino;2017;NA;0;8;NA;torino;45.07141;7.65385
upstream;Torino;2018;NA;0;8;NA;torino;45.07141;7.65385
upstream;Torino;2019;NA;0;8;NA;torino;45.07141;7.65385
upstream;Torino;2020;NA;0;8;NA;torino;45.07141;7.65385
upstream;Torino;2021;NA;0;8;NA;torino;45.07141;7.65385
upstream;Torino;2022;NA;0;8;NA;torino;45.07141;7.65385
upstream;Toulouse;2009;NA;0;1;NA;toulouse;43.61087;1.41632
upstream;Toulouse;2010;NA;0;1;NA;toulouse;43.61087;1.41632
upstream;Toulouse;2011;NA;0;1;NA;toulouse;43.61087;1.41632
upstream;Toulouse;2012;NA;0;1;NA;toulouse;43.61087;1.41632
upstream;Toulouse;2013;NA;0;1;NA;toulouse;43.61087;1.41632
upstream;Toulouse;2014;NA;0;1;NA;toulouse;43.61087;1.41632
upstream;Toulouse;2015;NA;0;1;NA;toulouse;43.61087;1.41632
upstream;Toulouse;2016;NA;0;1;NA;toulouse;43.61087;1.41632
upstream;Toulouse;2017;NA;0;1;NA;toulouse;43.61087;1.41632
upstream;Toulouse;2018;NA;0;1;NA;toulouse;43.61087;1.41632
upstream;Toulouse;2019;NA;0;1;NA;toulouse;43.61087;1.41632
upstream;Toulouse;2020;NA;0;1;NA;toulouse;43.61087;1.41632
upstream;Toulouse;2021;NA;0;1;NA;toulouse;43.61087;1.41632
upstream;Utrecht;2008;NA;0;1;NA;utrecht;52.06414;5.07506
upstream;Utrecht;2009;NA;0;1;NA;utrecht;52.06414;5.07506
upstream;Utrecht;2010;NA;0;1;NA;utrecht;52.06414;5.07506
upstream;Utrecht;2011;NA;0;1;NA;utrecht;52.06414;5.07506
upstream;Utrecht;2012;NA;0;1;NA;utrecht;52.06414;5.07506
upstream;Utrecht;2013;NA;0;1;NA;utrecht;52.06414;5.07506
upstream;Utrecht;2014;NA;0;1;NA;utrecht;52.06414;5.07506
upstream;Utrecht;2015;NA;0;1;NA;utrecht;52.06414;5.07506
upstream;Utrecht;2016;NA;0;1;NA;utrecht;52.06414;5.07506
upstream;Utrecht;2017;NA;0;1;NA;utrecht;52.06414;5.07506
upstream;Utrecht;2018;NA;0;1;NA;utrecht;52.06414;5.07506
upstream;Utrecht;2019;NA;0;1;NA;utrecht;52.06414;5.07506
upstream;Utrecht;2020;NA;0;1;NA;utrecht;52.06414;5.07506
upstream;Utrecht;2021;NA;0;1;NA;utrecht;52.06414;5.07506
upstream;Washington, D.C;1985;NA;0;1;NA;washington, d.c;38.90996;-77.14869
upstream;Washington, D.C;1986;NA;0;1;NA;washington, d.c;38.90996;-77.14869
upstream;Washington, D.C;1987;NA;0;1;NA;washington, d.c;38.90996;-77.14869
upstream;Washington, D.C;1988;NA;0;1;NA;washington, d.c;38.90996;-77.14869
upstream;Washington, D.C;1994;NA;0;1;NA;washington, d.c;38.90996;-77.14869
upstream;Washington, D.C;1995;NA;0;1;NA;washington, d.c;38.90996;-77.14869
upstream;Windsor;1980;4;10;1;Good;windsor;42.38262;-82.92536
upstream;Windsor;1981;10;6;1;Good;windsor;42.38262;-82.92536
upstream;Windsor;1982;8,42E+14;7;1;Good;windsor;42.38262;-82.92536
upstream;Windsor;1983;217;8;1;Good;windsor;42.38262;-82.92536
upstream;Windsor;1984;18018;7;1;Good;windsor;42.38262;-82.92536
upstream;Windsor;1985;17;4;1;Good;windsor;42.38262;-82.92536
upstream;Windsor;1986;15;6;1;Good;windsor;42.38262;-82.92536
upstream;Windsor;1987;26;5;1;Good;windsor;42.38262;-82.92536
upstream;Windsor;1988;7;6;1;Good;windsor;42.38262;-82.92536
upstream;Windsor;1989;65;6;1;Good;windsor;42.38262;-82.92536
upstream;Windsor;1990;16;5;1;Good;windsor;42.38262;-82.92536
upstream;Windsor;1991;101;4;1;Good;windsor;42.38262;-82.92536
upstream;Windsor;1992;76;3;1;Good;windsor;42.38262;-82.92536
upstream;Zaghreb;1995;NA;0;2;NA;zaghreb;45.65263;16.31464
upstream;Zaghreb;1996;NA;0;2;NA;zaghreb;45.65263;16.31464
upstream;Zaghreb;1997;NA;0;2;NA;zaghreb;45.65263;16.31464
upstream;Zaghreb;1998;NA;0;2;NA;zaghreb;45.65263;16.31464
upstream;Zaghreb;1999;NA;0;2;NA;zaghreb;45.65263;16.31464
upstream;Zaghreb;2000;NA;0;2;NA;zaghreb;45.65263;16.31464
upstream;Zaghreb;2001;NA;0;2;NA;zaghreb;45.65263;16.31464
upstream;Zaghreb;2002;NA;0;2;NA;zaghreb;45.65263;16.31464
upstream;Zaghreb;2003;NA;0;2;NA;zaghreb;45.65263;16.31464
upstream;Zaghreb;2004;NA;0;2;NA;zaghreb;45.65263;16.31464
upstream;Zaghreb;2005;NA;0;2;NA;zaghreb;45.65263;16.31464
upstream;Zaghreb;2006;NA;0;2;NA;zaghreb;45.65263;16.31464
upstream;Zaghreb;2007;NA;0;2;NA;zaghreb;45.65263;16.31464
upstream;Zaghreb;2008;NA;0;2;NA;zaghreb;45.65263;16.31464
upstream;Zaghreb;2009;NA;0;2;NA;zaghreb;45.65263;16.31464
upstream;Zaghreb;2010;NA;0;2;NA;zaghreb;45.65263;16.31464
upstream;Zaghreb;2011;NA;0;2;NA;zaghreb;45.65263;16.31464
upstream;Zaghreb;2012;NA;0;2;NA;zaghreb;45.65263;16.31464
upstream;Zaghreb;2013;NA;0;2;NA;zaghreb;45.65263;16.31464
upstream;Zaghreb;2014;NA;0;2;NA;zaghreb;45.65263;16.31464
upstream;Zaghreb;2015;NA;0;2;NA;zaghreb;45.65263;16.31464
upstream;Zaghreb;2016;NA;0;2;NA;zaghreb;45.65263;16.31464
upstream;Zaghreb;2017;NA;0;2;NA;zaghreb;45.65263;16.31464
upstream;Zaghreb;2018;NA;0;2;NA;zaghreb;45.65263;16.31464
upstream;Zaghreb;2019;NA;0;2;NA;zaghreb;45.65263;16.31464
upstream;Zaghreb;2020;NA;0;2;NA;zaghreb;45.65263;16.31464
upstream;Zaghreb;2021;NA;0;2;NA;zaghreb;45.65263;16.31464
